time,b,se,variable,gender,pais,desagregacion,detalle_indicador
-5,18.371603,3.9726546,Ingreso laboral,men,URY,Total,Ingreso laboral total
-4,13.47833,3.7430718,Ingreso laboral,men,URY,Total,Ingreso laboral total
-3,6.4232159,3.6385038,Ingreso laboral,men,URY,Total,Ingreso laboral total
-2,0,0,Ingreso laboral,men,URY,Total,Ingreso laboral total
-1,-9.0558672,3.5270765,Ingreso laboral,men,URY,Total,Ingreso laboral total
0,-.71903652,13.386695,Ingreso laboral,men,URY,Total,Ingreso laboral total
1,7.4044704,14.988697,Ingreso laboral,men,URY,Total,Ingreso laboral total
2,1.9411796,13.398824,Ingreso laboral,men,URY,Total,Ingreso laboral total
3,-2.4010901,14.355963,Ingreso laboral,men,URY,Total,Ingreso laboral total
4,-3.6712744,21.776285,Ingreso laboral,men,URY,Total,Ingreso laboral total
5,-9.797946,20.122849,Ingreso laboral,men,URY,Total,Ingreso laboral total
6,-23.139587,18.585548,Ingreso laboral,men,URY,Total,Ingreso laboral total
7,6.8137183,24.478689,Ingreso laboral,men,URY,Total,Ingreso laboral total
8,-23.143028,22.615126,Ingreso laboral,men,URY,Total,Ingreso laboral total
9,-35.907181,23.936028,Ingreso laboral,men,URY,Total,Ingreso laboral total
10,-44.809818,26.665058,Ingreso laboral,men,URY,Total,Ingreso laboral total
-5,-332.37363,383.28531,Ingreso laboral,men,PRY,Total,Ingreso laboral total
-4,68.424393,511.49152,Ingreso laboral,men,PRY,Total,Ingreso laboral total
-3,57.800587,469.86884,Ingreso laboral,men,PRY,Total,Ingreso laboral total
-2,0,0,Ingreso laboral,men,PRY,Total,Ingreso laboral total
-1,4.1826496,257.84683,Ingreso laboral,men,PRY,Total,Ingreso laboral total
0,91.629303,264.3042,Ingreso laboral,men,PRY,Total,Ingreso laboral total
1,82.239243,268.86868,Ingreso laboral,men,PRY,Total,Ingreso laboral total
2,22.600052,272.68372,Ingreso laboral,men,PRY,Total,Ingreso laboral total
3,-76.321747,261.90628,Ingreso laboral,men,PRY,Total,Ingreso laboral total
4,-41.020855,258.97095,Ingreso laboral,men,PRY,Total,Ingreso laboral total
5,239.22339,339.89743,Ingreso laboral,men,PRY,Total,Ingreso laboral total
6,154.4433,275.1087,Ingreso laboral,men,PRY,Total,Ingreso laboral total
7,156.32384,292.13425,Ingreso laboral,men,PRY,Total,Ingreso laboral total
8,26.248806,274.89072,Ingreso laboral,men,PRY,Total,Ingreso laboral total
9,217.23547,438.76434,Ingreso laboral,men,PRY,Total,Ingreso laboral total
10,138.87363,356.04568,Ingreso laboral,men,PRY,Total,Ingreso laboral total
-5,79.161324,45.39537,Ingreso laboral,men,PER,Total,Ingreso laboral total
-4,39.366371,34.774048,Ingreso laboral,men,PER,Total,Ingreso laboral total
-3,43.822052,35.176109,Ingreso laboral,men,PER,Total,Ingreso laboral total
-2,0,0,Ingreso laboral,men,PER,Total,Ingreso laboral total
-1,4.9703522,30.902954,Ingreso laboral,men,PER,Total,Ingreso laboral total
0,-20.186209,59.404541,Ingreso laboral,men,PER,Total,Ingreso laboral total
1,-11.847059,60.339199,Ingreso laboral,men,PER,Total,Ingreso laboral total
2,-34.232128,63.842812,Ingreso laboral,men,PER,Total,Ingreso laboral total
3,-109.43433,56.449841,Ingreso laboral,men,PER,Total,Ingreso laboral total
4,-81.416946,62.569614,Ingreso laboral,men,PER,Total,Ingreso laboral total
5,-124.33189,57.807423,Ingreso laboral,men,PER,Total,Ingreso laboral total
6,-174.96104,60.172661,Ingreso laboral,men,PER,Total,Ingreso laboral total
7,-156.98093,60.133518,Ingreso laboral,men,PER,Total,Ingreso laboral total
8,-195.69327,64.697098,Ingreso laboral,men,PER,Total,Ingreso laboral total
9,-227.19133,71.058006,Ingreso laboral,men,PER,Total,Ingreso laboral total
10,-241.58855,81.349373,Ingreso laboral,men,PER,Total,Ingreso laboral total
-5,32.464058,27.914675,Ingreso laboral,men,PAN,Total,Ingreso laboral total
-4,29.079409,26.464149,Ingreso laboral,men,PAN,Total,Ingreso laboral total
-3,7.6032834,24.240126,Ingreso laboral,men,PAN,Total,Ingreso laboral total
-2,0,0,Ingreso laboral,men,PAN,Total,Ingreso laboral total
-1,-8.7646513,24.656519,Ingreso laboral,men,PAN,Total,Ingreso laboral total
0,16.211861,76.805008,Ingreso laboral,men,PAN,Total,Ingreso laboral total
1,-12.245637,79.517593,Ingreso laboral,men,PAN,Total,Ingreso laboral total
2,-90.826187,60.319565,Ingreso laboral,men,PAN,Total,Ingreso laboral total
3,-24.61021,76.213562,Ingreso laboral,men,PAN,Total,Ingreso laboral total
4,-96.416985,75.665245,Ingreso laboral,men,PAN,Total,Ingreso laboral total
5,-93.030731,96.349297,Ingreso laboral,men,PAN,Total,Ingreso laboral total
6,-91.039116,111.14172,Ingreso laboral,men,PAN,Total,Ingreso laboral total
7,-182.26877,89.164841,Ingreso laboral,men,PAN,Total,Ingreso laboral total
8,-251.67502,94.219719,Ingreso laboral,men,PAN,Total,Ingreso laboral total
9,-213.52457,120.46494,Ingreso laboral,men,PAN,Total,Ingreso laboral total
10,-237.94254,115.80806,Ingreso laboral,men,PAN,Total,Ingreso laboral total
-5,25.340153,5.5913291,Ingreso laboral,men,MEX,Total,Ingreso laboral total
-4,12.050561,5.0324264,Ingreso laboral,men,MEX,Total,Ingreso laboral total
-3,7.9301405,4.6787758,Ingreso laboral,men,MEX,Total,Ingreso laboral total
-2,0,0,Ingreso laboral,men,MEX,Total,Ingreso laboral total
-1,-10.234579,4.5202599,Ingreso laboral,men,MEX,Total,Ingreso laboral total
0,-33.081463,9.3200817,Ingreso laboral,men,MEX,Total,Ingreso laboral total
1,-46.010117,10.05088,Ingreso laboral,men,MEX,Total,Ingreso laboral total
2,-61.423283,8.8211203,Ingreso laboral,men,MEX,Total,Ingreso laboral total
3,-64.900291,9.2695541,Ingreso laboral,men,MEX,Total,Ingreso laboral total
4,-90.946617,9.7138023,Ingreso laboral,men,MEX,Total,Ingreso laboral total
5,-93.129982,10.753511,Ingreso laboral,men,MEX,Total,Ingreso laboral total
6,-91.356827,10.158186,Ingreso laboral,men,MEX,Total,Ingreso laboral total
7,-103.36392,10.703781,Ingreso laboral,men,MEX,Total,Ingreso laboral total
8,-100.75928,11.545971,Ingreso laboral,men,MEX,Total,Ingreso laboral total
9,-89.159256,13.001382,Ingreso laboral,men,MEX,Total,Ingreso laboral total
10,-114.90379,13.768424,Ingreso laboral,men,MEX,Total,Ingreso laboral total
-5,8.9088469,27.544378,Ingreso laboral,men,ECU,Total,Ingreso laboral total
-4,-7.6180911,25.01804,Ingreso laboral,men,ECU,Total,Ingreso laboral total
-3,-2.9343297,23.950909,Ingreso laboral,men,ECU,Total,Ingreso laboral total
-2,0,0,Ingreso laboral,men,ECU,Total,Ingreso laboral total
-1,-24.93688,21.808365,Ingreso laboral,men,ECU,Total,Ingreso laboral total
0,-31.72769,93.491287,Ingreso laboral,men,ECU,Total,Ingreso laboral total
1,-79.227196,57.822552,Ingreso laboral,men,ECU,Total,Ingreso laboral total
2,-75.025436,45.907547,Ingreso laboral,men,ECU,Total,Ingreso laboral total
3,-104.98606,48.75304,Ingreso laboral,men,ECU,Total,Ingreso laboral total
4,-129.04128,50.818649,Ingreso laboral,men,ECU,Total,Ingreso laboral total
5,-117.31561,63.514343,Ingreso laboral,men,ECU,Total,Ingreso laboral total
6,-84.951424,101.745,Ingreso laboral,men,ECU,Total,Ingreso laboral total
7,-179.37045,57.589245,Ingreso laboral,men,ECU,Total,Ingreso laboral total
8,-216.39453,59.493084,Ingreso laboral,men,ECU,Total,Ingreso laboral total
9,-73.410088,125.22837,Ingreso laboral,men,ECU,Total,Ingreso laboral total
10,-179.22887,81.592628,Ingreso laboral,men,ECU,Total,Ingreso laboral total
-5,39.712154,56.542606,Ingreso laboral,men,CRI,Total,Ingreso laboral total
-4,66.091507,57.62904,Ingreso laboral,men,CRI,Total,Ingreso laboral total
-3,10.109776,40.932384,Ingreso laboral,men,CRI,Total,Ingreso laboral total
-2,0,0,Ingreso laboral,men,CRI,Total,Ingreso laboral total
-1,-33.958359,41.016846,Ingreso laboral,men,CRI,Total,Ingreso laboral total
0,-83.249054,74.811943,Ingreso laboral,men,CRI,Total,Ingreso laboral total
1,-83.460327,79.562622,Ingreso laboral,men,CRI,Total,Ingreso laboral total
2,-136.65108,87.925568,Ingreso laboral,men,CRI,Total,Ingreso laboral total
3,-166.90288,83.232307,Ingreso laboral,men,CRI,Total,Ingreso laboral total
4,-200.12758,81.8843,Ingreso laboral,men,CRI,Total,Ingreso laboral total
5,-198.10515,87.67485,Ingreso laboral,men,CRI,Total,Ingreso laboral total
6,-240.276,92.457291,Ingreso laboral,men,CRI,Total,Ingreso laboral total
7,-222.4967,100.47064,Ingreso laboral,men,CRI,Total,Ingreso laboral total
8,-131.27277,137.82173,Ingreso laboral,men,CRI,Total,Ingreso laboral total
9,-154.27643,116.10874,Ingreso laboral,men,CRI,Total,Ingreso laboral total
10,-229.04266,116.33456,Ingreso laboral,men,CRI,Total,Ingreso laboral total
-5,44.056789,8.2964039,Ingreso laboral,men,COL,Total,Ingreso laboral total
-4,25.65774,7.4244256,Ingreso laboral,men,COL,Total,Ingreso laboral total
-3,15.734877,6.8375063,Ingreso laboral,men,COL,Total,Ingreso laboral total
-2,0,0,Ingreso laboral,men,COL,Total,Ingreso laboral total
-1,-23.276316,6.2078366,Ingreso laboral,men,COL,Total,Ingreso laboral total
0,-33.865028,17.230511,Ingreso laboral,men,COL,Total,Ingreso laboral total
1,-67.792633,15.903695,Ingreso laboral,men,COL,Total,Ingreso laboral total
2,-92.206062,18.201797,Ingreso laboral,men,COL,Total,Ingreso laboral total
3,-93.554062,19.04669,Ingreso laboral,men,COL,Total,Ingreso laboral total
4,-102.78351,20.412785,Ingreso laboral,men,COL,Total,Ingreso laboral total
5,-134.53894,22.055477,Ingreso laboral,men,COL,Total,Ingreso laboral total
6,-140.45712,24.757515,Ingreso laboral,men,COL,Total,Ingreso laboral total
7,-164.95496,26.524115,Ingreso laboral,men,COL,Total,Ingreso laboral total
8,-192.43488,29.284468,Ingreso laboral,men,COL,Total,Ingreso laboral total
9,-172.78763,38.056595,Ingreso laboral,men,COL,Total,Ingreso laboral total
10,-179.12788,52.302631,Ingreso laboral,men,COL,Total,Ingreso laboral total
-5,25.045158,8.3260059,Ingreso laboral,men,CHL,Total,Ingreso laboral total
-4,20.209963,7.8796492,Ingreso laboral,men,CHL,Total,Ingreso laboral total
-3,14.557857,7.5798593,Ingreso laboral,men,CHL,Total,Ingreso laboral total
-2,0,0,Ingreso laboral,men,CHL,Total,Ingreso laboral total
-1,-7.7528467,6.9244628,Ingreso laboral,men,CHL,Total,Ingreso laboral total
0,-62.539059,22.177353,Ingreso laboral,men,CHL,Total,Ingreso laboral total
1,-32.401119,27.966131,Ingreso laboral,men,CHL,Total,Ingreso laboral total
2,-55.439606,23.754993,Ingreso laboral,men,CHL,Total,Ingreso laboral total
3,-37.050117,27.808317,Ingreso laboral,men,CHL,Total,Ingreso laboral total
4,-58.685017,26.143597,Ingreso laboral,men,CHL,Total,Ingreso laboral total
5,-45.993046,27.756207,Ingreso laboral,men,CHL,Total,Ingreso laboral total
6,-67.68232,28.122589,Ingreso laboral,men,CHL,Total,Ingreso laboral total
7,-62.472183,30.793217,Ingreso laboral,men,CHL,Total,Ingreso laboral total
8,-41.638573,34.578976,Ingreso laboral,men,CHL,Total,Ingreso laboral total
9,-48.781204,34.896725,Ingreso laboral,men,CHL,Total,Ingreso laboral total
10,-85.858391,34.87188,Ingreso laboral,men,CHL,Total,Ingreso laboral total
-5,66.100555,8.034955,Ingreso laboral,men,BRA,Total,Ingreso laboral total
-4,46.213566,7.5863347,Ingreso laboral,men,BRA,Total,Ingreso laboral total
-3,23.073503,7.2856627,Ingreso laboral,men,BRA,Total,Ingreso laboral total
-2,0,0,Ingreso laboral,men,BRA,Total,Ingreso laboral total
-1,-31.080437,7.2110009,Ingreso laboral,men,BRA,Total,Ingreso laboral total
0,-31.132641,19.563768,Ingreso laboral,men,BRA,Total,Ingreso laboral total
1,-62.915264,20.048483,Ingreso laboral,men,BRA,Total,Ingreso laboral total
2,-92.675514,21.060534,Ingreso laboral,men,BRA,Total,Ingreso laboral total
3,-99.04377,22.856979,Ingreso laboral,men,BRA,Total,Ingreso laboral total
4,-138.96053,22.47205,Ingreso laboral,men,BRA,Total,Ingreso laboral total
5,-174.15338,22.699722,Ingreso laboral,men,BRA,Total,Ingreso laboral total
6,-201.60883,23.917364,Ingreso laboral,men,BRA,Total,Ingreso laboral total
7,-205.26828,25.597368,Ingreso laboral,men,BRA,Total,Ingreso laboral total
8,-228.45848,26.93737,Ingreso laboral,men,BRA,Total,Ingreso laboral total
9,-256.65186,25.61154,Ingreso laboral,men,BRA,Total,Ingreso laboral total
10,-256.35757,31.678516,Ingreso laboral,men,BRA,Total,Ingreso laboral total
-5,20.077044,52.841827,Ingreso laboral,men,BOL,Total,Ingreso laboral total
-4,30.858475,47.722244,Ingreso laboral,men,BOL,Total,Ingreso laboral total
-3,14.441704,45.520126,Ingreso laboral,men,BOL,Total,Ingreso laboral total
-2,0,0,Ingreso laboral,men,BOL,Total,Ingreso laboral total
-1,-2.5197942,43.439735,Ingreso laboral,men,BOL,Total,Ingreso laboral total
0,-10.185479,71.636147,Ingreso laboral,men,BOL,Total,Ingreso laboral total
1,-47.828327,68.329025,Ingreso laboral,men,BOL,Total,Ingreso laboral total
2,-79.393898,60.732082,Ingreso laboral,men,BOL,Total,Ingreso laboral total
3,-1.1670606,71.215965,Ingreso laboral,men,BOL,Total,Ingreso laboral total
4,-46.602673,72.628952,Ingreso laboral,men,BOL,Total,Ingreso laboral total
5,-49.442116,73.704819,Ingreso laboral,men,BOL,Total,Ingreso laboral total
6,-47.927479,86.260544,Ingreso laboral,men,BOL,Total,Ingreso laboral total
7,-65.663429,80.179749,Ingreso laboral,men,BOL,Total,Ingreso laboral total
8,-107.38109,77.627914,Ingreso laboral,men,BOL,Total,Ingreso laboral total
9,-194.24715,74.188293,Ingreso laboral,men,BOL,Total,Ingreso laboral total
10,-152.39594,98.992035,Ingreso laboral,men,BOL,Total,Ingreso laboral total
-5,26.264883,15.506565,Ingreso laboral,men,ARG,Total,Ingreso laboral total
-4,12.137294,13.983304,Ingreso laboral,men,ARG,Total,Ingreso laboral total
-3,15.759727,13.755002,Ingreso laboral,men,ARG,Total,Ingreso laboral total
-2,0,0,Ingreso laboral,men,ARG,Total,Ingreso laboral total
-1,2.9017315,12.461016,Ingreso laboral,men,ARG,Total,Ingreso laboral total
0,.39482304,22.479168,Ingreso laboral,men,ARG,Total,Ingreso laboral total
1,-.59619308,23.556065,Ingreso laboral,men,ARG,Total,Ingreso laboral total
2,-21.87574,25.345057,Ingreso laboral,men,ARG,Total,Ingreso laboral total
3,-1.3822759,25.688553,Ingreso laboral,men,ARG,Total,Ingreso laboral total
4,-8.0602016,29.500719,Ingreso laboral,men,ARG,Total,Ingreso laboral total
5,2.9577613,30.097876,Ingreso laboral,men,ARG,Total,Ingreso laboral total
6,-58.248081,31.897097,Ingreso laboral,men,ARG,Total,Ingreso laboral total
7,-54.576984,34.624981,Ingreso laboral,men,ARG,Total,Ingreso laboral total
8,-48.915848,41.024422,Ingreso laboral,men,ARG,Total,Ingreso laboral total
9,-77.706261,40.547188,Ingreso laboral,men,ARG,Total,Ingreso laboral total
10,-35.148163,54.612453,Ingreso laboral,men,ARG,Total,Ingreso laboral total
-5,.0026458679,.0026920608,Empleo,men,URY,Total,Empleado
-4,.0031452025,.0024612027,Empleo,men,URY,Total,Empleado
-3,.00050480227,.0023594408,Empleo,men,URY,Total,Empleado
-2,0,0,Empleo,men,URY,Total,Empleado
-1,-.0012527535,.0021434114,Empleo,men,URY,Total,Empleado
0,.0092148585,.0050615603,Empleo,men,URY,Total,Empleado
1,.0013396094,.0058357171,Empleo,men,URY,Total,Empleado
2,.0057190801,.005265106,Empleo,men,URY,Total,Empleado
3,.0097765867,.005053109,Empleo,men,URY,Total,Empleado
4,.0074731628,.0055772923,Empleo,men,URY,Total,Empleado
5,-.00039896485,.0066158506,Empleo,men,URY,Total,Empleado
6,.0089590726,.0062312642,Empleo,men,URY,Total,Empleado
7,.009841769,.006696769,Empleo,men,URY,Total,Empleado
8,.00053576758,.0079344772,Empleo,men,URY,Total,Empleado
9,.0085509578,.0078411717,Empleo,men,URY,Total,Empleado
10,-.004272419,.010302105,Empleo,men,URY,Total,Empleado
-5,-.0082138935,.010118245,Empleo,men,PRY,Total,Empleado
-4,.0048517408,.009135793,Empleo,men,PRY,Total,Empleado
-3,.0021968067,.0088654542,Empleo,men,PRY,Total,Empleado
-2,0,0,Empleo,men,PRY,Total,Empleado
-1,.0010944174,.0084414668,Empleo,men,PRY,Total,Empleado
0,.013361644,.013992733,Empleo,men,PRY,Total,Empleado
1,.005937845,.014964012,Empleo,men,PRY,Total,Empleado
2,.0139609,.013289095,Empleo,men,PRY,Total,Empleado
3,.011920658,.013644794,Empleo,men,PRY,Total,Empleado
4,.015984559,.012753638,Empleo,men,PRY,Total,Empleado
5,.013021632,.013768783,Empleo,men,PRY,Total,Empleado
6,.015409266,.013508658,Empleo,men,PRY,Total,Empleado
7,.0038344492,.017387107,Empleo,men,PRY,Total,Empleado
8,.01023352,.016964631,Empleo,men,PRY,Total,Empleado
9,.013541598,.016960056,Empleo,men,PRY,Total,Empleado
10,.013846412,.017886704,Empleo,men,PRY,Total,Empleado
-5,.010228926,.014512762,Empleo,men,PER,Total,Empleado
-4,.00040646645,.013903435,Empleo,men,PER,Total,Empleado
-3,.0097901616,.012470189,Empleo,men,PER,Total,Empleado
-2,0,0,Empleo,men,PER,Total,Empleado
-1,.0038418954,.011862575,Empleo,men,PER,Total,Empleado
0,.013027032,.017098479,Empleo,men,PER,Total,Empleado
1,.017433293,.016264841,Empleo,men,PER,Total,Empleado
2,.030075915,.014644695,Empleo,men,PER,Total,Empleado
3,.00030008174,.020923054,Empleo,men,PER,Total,Empleado
4,.02319001,.016328944,Empleo,men,PER,Total,Empleado
5,.024665872,.016028298,Empleo,men,PER,Total,Empleado
6,.0040258281,.02020359,Empleo,men,PER,Total,Empleado
7,.025839113,.01738603,Empleo,men,PER,Total,Empleado
8,.0089142127,.021331342,Empleo,men,PER,Total,Empleado
9,.0052890177,.023252845,Empleo,men,PER,Total,Empleado
10,.015347675,.02305598,Empleo,men,PER,Total,Empleado
-5,-.0021266062,.0080729555,Empleo,men,PAN,Total,Empleado
-4,.00019161736,.0072639091,Empleo,men,PAN,Total,Empleado
-3,.0033748455,.0066381898,Empleo,men,PAN,Total,Empleado
-2,0,0,Empleo,men,PAN,Total,Empleado
-1,.0048478702,.0059833042,Empleo,men,PAN,Total,Empleado
0,.0081861047,.011017502,Empleo,men,PAN,Total,Empleado
1,.0085764648,.010542657,Empleo,men,PAN,Total,Empleado
2,.014454238,.0096352221,Empleo,men,PAN,Total,Empleado
3,.001288312,.011682183,Empleo,men,PAN,Total,Empleado
4,.0079310602,.010656224,Empleo,men,PAN,Total,Empleado
5,.0030930738,.012145991,Empleo,men,PAN,Total,Empleado
6,.015246175,.010800285,Empleo,men,PAN,Total,Empleado
7,.0027299398,.013361368,Empleo,men,PAN,Total,Empleado
8,.007772164,.014207038,Empleo,men,PAN,Total,Empleado
9,.011688937,.013755414,Empleo,men,PAN,Total,Empleado
10,.0084300498,.01641109,Empleo,men,PAN,Total,Empleado
-5,-.00084610406,.0014221659,Empleo,men,MEX,Total,Empleado
-4,-.000021757956,.0012676136,Empleo,men,MEX,Total,Empleado
-3,-.00010252049,.0011623536,Empleo,men,MEX,Total,Empleado
-2,0,0,Empleo,men,MEX,Total,Empleado
-1,-.00076160312,.001040234,Empleo,men,MEX,Total,Empleado
0,.007980939,.0027319912,Empleo,men,MEX,Total,Empleado
1,.0079742251,.002708175,Empleo,men,MEX,Total,Empleado
2,.0077157966,.0027495071,Empleo,men,MEX,Total,Empleado
3,.0098491311,.0028080374,Empleo,men,MEX,Total,Empleado
4,.0086387312,.0029420259,Empleo,men,MEX,Total,Empleado
5,.0092017902,.0030521504,Empleo,men,MEX,Total,Empleado
6,.0088458518,.0032846453,Empleo,men,MEX,Total,Empleado
7,.01099917,.0034740204,Empleo,men,MEX,Total,Empleado
8,.010217546,.0038562375,Empleo,men,MEX,Total,Empleado
9,.013969831,.0041433261,Empleo,men,MEX,Total,Empleado
10,.011715778,.0048665423,Empleo,men,MEX,Total,Empleado
-5,.002454665,.0068354765,Empleo,men,ECU,Total,Empleado
-4,.00079186587,.0064765923,Empleo,men,ECU,Total,Empleado
-3,.0019471812,.0056690169,Empleo,men,ECU,Total,Empleado
-2,0,0,Empleo,men,ECU,Total,Empleado
-1,.0051870071,.0049562249,Empleo,men,ECU,Total,Empleado
0,-.0033420571,.011265744,Empleo,men,ECU,Total,Empleado
1,.0013058129,.010400116,Empleo,men,ECU,Total,Empleado
2,.0078480775,.0091261892,Empleo,men,ECU,Total,Empleado
3,.010477225,.0090472382,Empleo,men,ECU,Total,Empleado
4,.012263587,.0088165225,Empleo,men,ECU,Total,Empleado
5,.0036038216,.010054528,Empleo,men,ECU,Total,Empleado
6,.0051877098,.010179548,Empleo,men,ECU,Total,Empleado
7,.010606732,.0096998615,Empleo,men,ECU,Total,Empleado
8,.0099311285,.010556076,Empleo,men,ECU,Total,Empleado
9,.011208938,.01214529,Empleo,men,ECU,Total,Empleado
10,.0065117804,.0150906,Empleo,men,ECU,Total,Empleado
-5,.0075201089,.0061058672,Empleo,men,CRI,Total,Empleado
-4,.0044925692,.0058530685,Empleo,men,CRI,Total,Empleado
-3,.0072720055,.0054624849,Empleo,men,CRI,Total,Empleado
-2,0,0,Empleo,men,CRI,Total,Empleado
-1,.00010299134,.0055991746,Empleo,men,CRI,Total,Empleado
0,-.00077312381,.011446245,Empleo,men,CRI,Total,Empleado
1,-.0014592714,.011673636,Empleo,men,CRI,Total,Empleado
2,.0048104138,.011220098,Empleo,men,CRI,Total,Empleado
3,.016245646,.0095262602,Empleo,men,CRI,Total,Empleado
4,.0091237016,.012414706,Empleo,men,CRI,Total,Empleado
5,.0018190515,.015584853,Empleo,men,CRI,Total,Empleado
6,.0061458847,.015531356,Empleo,men,CRI,Total,Empleado
7,.02197195,.014340086,Empleo,men,CRI,Total,Empleado
8,.0080395136,.019020017,Empleo,men,CRI,Total,Empleado
9,.0048121954,.020012274,Empleo,men,CRI,Total,Empleado
10,.016598651,.02074934,Empleo,men,CRI,Total,Empleado
-5,-.0013467201,.0025329292,Empleo,men,COL,Total,Empleado
-4,-.0024408263,.0022076196,Empleo,men,COL,Total,Empleado
-3,.00054003129,.0019503008,Empleo,men,COL,Total,Empleado
-2,0,0,Empleo,men,COL,Total,Empleado
-1,.0018821396,.001685437,Empleo,men,COL,Total,Empleado
0,.0042783772,.0040147356,Empleo,men,COL,Total,Empleado
1,.0063292673,.0040168292,Empleo,men,COL,Total,Empleado
2,.0081399186,.0041941437,Empleo,men,COL,Total,Empleado
3,.0072987257,.0044003404,Empleo,men,COL,Total,Empleado
4,.010976979,.0046652877,Empleo,men,COL,Total,Empleado
5,.0088057946,.0051693288,Empleo,men,COL,Total,Empleado
6,.0049183848,.0058896919,Empleo,men,COL,Total,Empleado
7,.010354574,.0065273349,Empleo,men,COL,Total,Empleado
8,.0071472437,.007735691,Empleo,men,COL,Total,Empleado
9,.0091199884,.009569237,Empleo,men,COL,Total,Empleado
10,.0064658513,.013981272,Empleo,men,COL,Total,Empleado
-5,-.0048683463,.0032199195,Empleo,men,CHL,Total,Empleado
-4,-.0033672974,.0028516869,Empleo,men,CHL,Total,Empleado
-3,-.0019636094,.0026353588,Empleo,men,CHL,Total,Empleado
-2,0,0,Empleo,men,CHL,Total,Empleado
-1,-.00083977066,.0023130195,Empleo,men,CHL,Total,Empleado
0,.003087326,.0060160425,Empleo,men,CHL,Total,Empleado
1,.0024580669,.0058871177,Empleo,men,CHL,Total,Empleado
2,.0067337062,.0055811824,Empleo,men,CHL,Total,Empleado
3,.0045880778,.0057489676,Empleo,men,CHL,Total,Empleado
4,-.0070380825,.0063261106,Empleo,men,CHL,Total,Empleado
5,-.0011512684,.0062482627,Empleo,men,CHL,Total,Empleado
6,-.00054241699,.0067700804,Empleo,men,CHL,Total,Empleado
7,.0083163828,.0068295849,Empleo,men,CHL,Total,Empleado
8,.0043831277,.0075343302,Empleo,men,CHL,Total,Empleado
9,.0032001634,.0082354285,Empleo,men,CHL,Total,Empleado
10,-.000026621537,.0093905469,Empleo,men,CHL,Total,Empleado
-5,.0050306362,.0018930522,Empleo,men,BRA,Total,Empleado
-4,.0029550407,.0017966573,Empleo,men,BRA,Total,Empleado
-3,.0015172235,.0017241237,Empleo,men,BRA,Total,Empleado
-2,0,0,Empleo,men,BRA,Total,Empleado
-1,-.0033014512,.0016656658,Empleo,men,BRA,Total,Empleado
0,.014492496,.0038747715,Empleo,men,BRA,Total,Empleado
1,.010761695,.0040769214,Empleo,men,BRA,Total,Empleado
2,.0083446428,.0042446358,Empleo,men,BRA,Total,Empleado
3,.0076263095,.0044317348,Empleo,men,BRA,Total,Empleado
4,.0090501802,.0046210592,Empleo,men,BRA,Total,Empleado
5,.0055954745,.005062181,Empleo,men,BRA,Total,Empleado
6,.0039037329,.0053965161,Empleo,men,BRA,Total,Empleado
7,.0053540273,.0056909053,Empleo,men,BRA,Total,Empleado
8,.006355464,.0060805324,Empleo,men,BRA,Total,Empleado
9,.0057094977,.0063222051,Empleo,men,BRA,Total,Empleado
10,-.0022288582,.0071225706,Empleo,men,BRA,Total,Empleado
-5,.011654632,.0144046,Empleo,men,BOL,Total,Empleado
-4,.015448396,.014035123,Empleo,men,BOL,Total,Empleado
-3,.014324162,.013498753,Empleo,men,BOL,Total,Empleado
-2,0,0,Empleo,men,BOL,Total,Empleado
-1,.0078076399,.012582104,Empleo,men,BOL,Total,Empleado
0,.0081462804,.017860517,Empleo,men,BOL,Total,Empleado
1,.014414205,.016909137,Empleo,men,BOL,Total,Empleado
2,.018972928,.016689651,Empleo,men,BOL,Total,Empleado
3,.022236673,.016767465,Empleo,men,BOL,Total,Empleado
4,.017616307,.018293342,Empleo,men,BOL,Total,Empleado
5,.022937901,.01778087,Empleo,men,BOL,Total,Empleado
6,.019704087,.01975875,Empleo,men,BOL,Total,Empleado
7,.033864595,.017239423,Empleo,men,BOL,Total,Empleado
8,.046320561,.014793356,Empleo,men,BOL,Total,Empleado
9,.0180603,.021917211,Empleo,men,BOL,Total,Empleado
10,.020149093,.020474315,Empleo,men,BOL,Total,Empleado
-5,.0032881745,.0048315628,Empleo,men,ARG,Total,Empleado
-4,.0022980953,.004318208,Empleo,men,ARG,Total,Empleado
-3,.0029723619,.0039343182,Empleo,men,ARG,Total,Empleado
-2,0,0,Empleo,men,ARG,Total,Empleado
-1,.0021842506,.0034872247,Empleo,men,ARG,Total,Empleado
0,.011263158,.006071724,Empleo,men,ARG,Total,Empleado
1,.0093917083,.0064366334,Empleo,men,ARG,Total,Empleado
2,.0054784254,.0069157844,Empleo,men,ARG,Total,Empleado
3,.013714701,.0067175468,Empleo,men,ARG,Total,Empleado
4,.014885746,.0072122207,Empleo,men,ARG,Total,Empleado
5,.0079290848,.0085571529,Empleo,men,ARG,Total,Empleado
6,.0061831097,.0094385594,Empleo,men,ARG,Total,Empleado
7,.0039927191,.010675419,Empleo,men,ARG,Total,Empleado
8,-.0032365904,.012290472,Empleo,men,ARG,Total,Empleado
9,.00044690576,.013337899,Empleo,men,ARG,Total,Empleado
10,.0025101453,.016870886,Empleo,men,ARG,Total,Empleado
-5,.0004411953,.0012960084,Participación laboral,men,URY,Total,Participación laboral femenina
-4,-.00073498493,.001289309,Participación laboral,men,URY,Total,Participación laboral femenina
-3,-.0014993814,.0012854012,Participación laboral,men,URY,Total,Participación laboral femenina
-2,0,0,Participación laboral,men,URY,Total,Participación laboral femenina
-1,-.00029394819,.0011464929,Participación laboral,men,URY,Total,Participación laboral femenina
0,.0058864499,.0024386735,Participación laboral,men,URY,Total,Participación laboral femenina
1,.0041110353,.0029189535,Participación laboral,men,URY,Total,Participación laboral femenina
2,.0041330433,.0029423824,Participación laboral,men,URY,Total,Participación laboral femenina
3,.0059024184,.0028541558,Participación laboral,men,URY,Total,Participación laboral femenina
4,.0068273633,.0028921743,Participación laboral,men,URY,Total,Participación laboral femenina
5,.0034064106,.0037184223,Participación laboral,men,URY,Total,Participación laboral femenina
6,.0053074537,.0037554414,Participación laboral,men,URY,Total,Participación laboral femenina
7,.0044396408,.0041985274,Participación laboral,men,URY,Total,Participación laboral femenina
8,.0022943956,.0050353585,Participación laboral,men,URY,Total,Participación laboral femenina
9,.00605735,.0050962344,Participación laboral,men,URY,Total,Participación laboral femenina
10,.0024143218,.0065175574,Participación laboral,men,URY,Total,Participación laboral femenina
-5,-.0013812241,.0076817814,Participación laboral,men,PRY,Total,Participación laboral femenina
-4,.0026336231,.007167669,Participación laboral,men,PRY,Total,Participación laboral femenina
-3,.00082114292,.0070881927,Participación laboral,men,PRY,Total,Participación laboral femenina
-2,0,0,Participación laboral,men,PRY,Total,Participación laboral femenina
-1,.0049414104,.0067873048,Participación laboral,men,PRY,Total,Participación laboral femenina
0,.022198344,.0088827405,Participación laboral,men,PRY,Total,Participación laboral femenina
1,.010999002,.011955507,Participación laboral,men,PRY,Total,Participación laboral femenina
2,.022364857,.0085716629,Participación laboral,men,PRY,Total,Participación laboral femenina
3,.01498994,.010779533,Participación laboral,men,PRY,Total,Participación laboral femenina
4,.017734759,.0096634235,Participación laboral,men,PRY,Total,Participación laboral femenina
5,.018078918,.010494996,Participación laboral,men,PRY,Total,Participación laboral femenina
6,.018716443,.010308781,Participación laboral,men,PRY,Total,Participación laboral femenina
7,.015108122,.012514024,Participación laboral,men,PRY,Total,Participación laboral femenina
8,.012292425,.013587578,Participación laboral,men,PRY,Total,Participación laboral femenina
9,.016379766,.012992679,Participación laboral,men,PRY,Total,Participación laboral femenina
10,.01991782,.012516459,Participación laboral,men,PRY,Total,Participación laboral femenina
-5,.013518507,.00993386,Participación laboral,men,PER,Total,Participación laboral femenina
-4,.0038980276,.010113879,Participación laboral,men,PER,Total,Participación laboral femenina
-3,.0071006701,.0091598313,Participación laboral,men,PER,Total,Participación laboral femenina
-2,0,0,Participación laboral,men,PER,Total,Participación laboral femenina
-1,.0053246152,.0084822942,Participación laboral,men,PER,Total,Participación laboral femenina
0,-.00018428128,.01508634,Participación laboral,men,PER,Total,Participación laboral femenina
1,.0058183074,.012747332,Participación laboral,men,PER,Total,Participación laboral femenina
2,.014176501,.011404156,Participación laboral,men,PER,Total,Participación laboral femenina
3,.0031313743,.013851754,Participación laboral,men,PER,Total,Participación laboral femenina
4,.01002593,.011670653,Participación laboral,men,PER,Total,Participación laboral femenina
5,.0075626713,.012311654,Participación laboral,men,PER,Total,Participación laboral femenina
6,-.0061768908,.016207097,Participación laboral,men,PER,Total,Participación laboral femenina
7,.011208571,.01301339,Participación laboral,men,PER,Total,Participación laboral femenina
8,-.0079763969,.018894102,Participación laboral,men,PER,Total,Participación laboral femenina
9,-.003371726,.019042494,Participación laboral,men,PER,Total,Participación laboral femenina
10,.0028007282,.019123994,Participación laboral,men,PER,Total,Participación laboral femenina
-5,-.0028657478,.0037276186,Participación laboral,men,PAN,Total,Participación laboral femenina
-4,-.00091226882,.0031344511,Participación laboral,men,PAN,Total,Participación laboral femenina
-3,.00076822459,.0027625249,Participación laboral,men,PAN,Total,Participación laboral femenina
-2,0,0,Participación laboral,men,PAN,Total,Participación laboral femenina
-1,-.00070942496,.0025682636,Participación laboral,men,PAN,Total,Participación laboral femenina
0,.0021515817,.0041332226,Participación laboral,men,PAN,Total,Participación laboral femenina
1,.0017992485,.0042759557,Participación laboral,men,PAN,Total,Participación laboral femenina
2,.00533095,.0033091593,Participación laboral,men,PAN,Total,Participación laboral femenina
3,-.004228937,.0063478113,Participación laboral,men,PAN,Total,Participación laboral femenina
4,-3.0935882e-06,.0055407723,Participación laboral,men,PAN,Total,Participación laboral femenina
5,.0024659813,.0054720668,Participación laboral,men,PAN,Total,Participación laboral femenina
6,.0063450122,.0048755882,Participación laboral,men,PAN,Total,Participación laboral femenina
7,-.0034161359,.0085746394,Participación laboral,men,PAN,Total,Participación laboral femenina
8,.0014251844,.0083347205,Participación laboral,men,PAN,Total,Participación laboral femenina
9,.0014888488,.0085732304,Participación laboral,men,PAN,Total,Participación laboral femenina
10,.00052334467,.010277769,Participación laboral,men,PAN,Total,Participación laboral femenina
-5,-.00015935373,.00097496563,Participación laboral,men,MEX,Total,Participación laboral femenina
-4,-.00058096444,.0008760076,Participación laboral,men,MEX,Total,Participación laboral femenina
-3,-.00062893302,.00080153649,Participación laboral,men,MEX,Total,Participación laboral femenina
-2,0,0,Participación laboral,men,MEX,Total,Participación laboral femenina
-1,-.00078587799,.00071473827,Participación laboral,men,MEX,Total,Participación laboral femenina
0,.0045272852,.0017486144,Participación laboral,men,MEX,Total,Participación laboral femenina
1,.0052126641,.001719451,Participación laboral,men,MEX,Total,Participación laboral femenina
2,.0041416599,.001784522,Participación laboral,men,MEX,Total,Participación laboral femenina
3,.0042054686,.0018600029,Participación laboral,men,MEX,Total,Participación laboral femenina
4,.0040102354,.0019578415,Participación laboral,men,MEX,Total,Participación laboral femenina
5,.0035789327,.0020821171,Participación laboral,men,MEX,Total,Participación laboral femenina
6,.0048454688,.0022240672,Participación laboral,men,MEX,Total,Participación laboral femenina
7,.0065300651,.0023664164,Participación laboral,men,MEX,Total,Participación laboral femenina
8,.0039418163,.002746091,Participación laboral,men,MEX,Total,Participación laboral femenina
9,.006158818,.0030026999,Participación laboral,men,MEX,Total,Participación laboral femenina
10,.0095706321,.0034014366,Participación laboral,men,MEX,Total,Participación laboral femenina
-5,.0013968309,.0033401269,Participación laboral,men,ECU,Total,Participación laboral femenina
-4,.0007548579,.0030848626,Participación laboral,men,ECU,Total,Participación laboral femenina
-3,.0010773117,.0026842919,Participación laboral,men,ECU,Total,Participación laboral femenina
-2,0,0,Participación laboral,men,ECU,Total,Participación laboral femenina
-1,.00084546069,.0019339068,Participación laboral,men,ECU,Total,Participación laboral femenina
0,-.0042022746,.0059808902,Participación laboral,men,ECU,Total,Participación laboral femenina
1,-.0023198607,.0049262657,Participación laboral,men,ECU,Total,Participación laboral femenina
2,.002924331,.0031569505,Participación laboral,men,ECU,Total,Participación laboral femenina
3,-.0015016352,.0048603253,Participación laboral,men,ECU,Total,Participación laboral femenina
4,-.00099840981,.0050076484,Participación laboral,men,ECU,Total,Participación laboral femenina
5,-.0016866634,.0054653063,Participación laboral,men,ECU,Total,Participación laboral femenina
6,-.00052216212,.0051291664,Participación laboral,men,ECU,Total,Participación laboral femenina
7,.00028864475,.0048274067,Participación laboral,men,ECU,Total,Participación laboral femenina
8,.00089187123,.0054650614,Participación laboral,men,ECU,Total,Participación laboral femenina
9,.0034180426,.0051615103,Participación laboral,men,ECU,Total,Participación laboral femenina
10,.00082499377,.0074993903,Participación laboral,men,ECU,Total,Participación laboral femenina
-5,.0022477987,.0033082592,Participación laboral,men,CRI,Total,Participación laboral femenina
-4,.000029266352,.00360089,Participación laboral,men,CRI,Total,Participación laboral femenina
-3,.0022526996,.003242631,Participación laboral,men,CRI,Total,Participación laboral femenina
-2,0,0,Participación laboral,men,CRI,Total,Participación laboral femenina
-1,.0010029278,.00335802,Participación laboral,men,CRI,Total,Participación laboral femenina
0,.0043280274,.0061143832,Participación laboral,men,CRI,Total,Participación laboral femenina
1,.0089790113,.0050241044,Participación laboral,men,CRI,Total,Participación laboral femenina
2,.0046760673,.0067851078,Participación laboral,men,CRI,Total,Participación laboral femenina
3,.011714331,.0045802258,Participación laboral,men,CRI,Total,Participación laboral femenina
4,.0063075535,.0079305004,Participación laboral,men,CRI,Total,Participación laboral femenina
5,.0049184449,.0096452562,Participación laboral,men,CRI,Total,Participación laboral femenina
6,.0037179752,.010657257,Participación laboral,men,CRI,Total,Participación laboral femenina
7,.0090647833,.009972455,Participación laboral,men,CRI,Total,Participación laboral femenina
8,.0077530635,.010451808,Participación laboral,men,CRI,Total,Participación laboral femenina
9,.0050646332,.013160292,Participación laboral,men,CRI,Total,Participación laboral femenina
10,-.00024601934,.015976653,Participación laboral,men,CRI,Total,Participación laboral femenina
-5,-.0018040847,.0014641231,Participación laboral,men,COL,Total,Participación laboral femenina
-4,-.0011540797,.0012230073,Participación laboral,men,COL,Total,Participación laboral femenina
-3,-.00033638897,.0010790016,Participación laboral,men,COL,Total,Participación laboral femenina
-2,0,0,Participación laboral,men,COL,Total,Participación laboral femenina
-1,.00046764643,.00088463869,Participación laboral,men,COL,Total,Participación laboral femenina
0,.0023816,.0018942482,Participación laboral,men,COL,Total,Participación laboral femenina
1,.0032854495,.0018479315,Participación laboral,men,COL,Total,Participación laboral femenina
2,.0037738045,.0019665975,Participación laboral,men,COL,Total,Participación laboral femenina
3,.0024708724,.002157798,Participación laboral,men,COL,Total,Participación laboral femenina
4,.002631438,.0023856598,Participación laboral,men,COL,Total,Participación laboral femenina
5,.0046123411,.0024930146,Participación laboral,men,COL,Total,Participación laboral femenina
6,.0010674775,.0030709975,Participación laboral,men,COL,Total,Participación laboral femenina
7,.00035366128,.0036246821,Participación laboral,men,COL,Total,Participación laboral femenina
8,-.000028563536,.0043185349,Participación laboral,men,COL,Total,Participación laboral femenina
9,.0043485784,.0050126337,Participación laboral,men,COL,Total,Participación laboral femenina
10,-.0059483177,.0090450719,Participación laboral,men,COL,Total,Participación laboral femenina
-5,-.0041734818,.0023597104,Participación laboral,men,CHL,Total,Participación laboral femenina
-4,-.0027304396,.0020590445,Participación laboral,men,CHL,Total,Participación laboral femenina
-3,-.0022097183,.0018935602,Participación laboral,men,CHL,Total,Participación laboral femenina
-2,0,0,Participación laboral,men,CHL,Total,Participación laboral femenina
-1,-.001121831,.001597293,Participación laboral,men,CHL,Total,Participación laboral femenina
0,.0076102884,.0034982753,Participación laboral,men,CHL,Total,Participación laboral femenina
1,.0037323225,.0036230122,Participación laboral,men,CHL,Total,Participación laboral femenina
2,.0044728918,.0033928314,Participación laboral,men,CHL,Total,Participación laboral femenina
3,.0028573654,.0035558871,Participación laboral,men,CHL,Total,Participación laboral femenina
4,-.0047888868,.0041662604,Participación laboral,men,CHL,Total,Participación laboral femenina
5,-.00055934995,.0040315348,Participación laboral,men,CHL,Total,Participación laboral femenina
6,.00036619205,.0043088356,Participación laboral,men,CHL,Total,Participación laboral femenina
7,.0050992267,.0043201246,Participación laboral,men,CHL,Total,Participación laboral femenina
8,.0028122382,.0049376274,Participación laboral,men,CHL,Total,Participación laboral femenina
9,.0010707347,.0055316845,Participación laboral,men,CHL,Total,Participación laboral femenina
10,.0031216871,.0062120263,Participación laboral,men,CHL,Total,Participación laboral femenina
-5,.0025220015,.0013474601,Participación laboral,men,BRA,Total,Participación laboral femenina
-4,.0020546762,.0012790001,Participación laboral,men,BRA,Total,Participación laboral femenina
-3,.0012263341,.0012398253,Participación laboral,men,BRA,Total,Participación laboral femenina
-2,0,0,Participación laboral,men,BRA,Total,Participación laboral femenina
-1,-.0016142989,.0012136683,Participación laboral,men,BRA,Total,Participación laboral femenina
0,.012579093,.0025825487,Participación laboral,men,BRA,Total,Participación laboral femenina
1,.0088745104,.0028302674,Participación laboral,men,BRA,Total,Participación laboral femenina
2,.0085365074,.0029634505,Participación laboral,men,BRA,Total,Participación laboral femenina
3,.0088683413,.0031247318,Participación laboral,men,BRA,Total,Participación laboral femenina
4,.0083106086,.0033714005,Participación laboral,men,BRA,Total,Participación laboral femenina
5,.0070570833,.0037153549,Participación laboral,men,BRA,Total,Participación laboral femenina
6,.0049047093,.0040423078,Participación laboral,men,BRA,Total,Participación laboral femenina
7,.0053480119,.0043122508,Participación laboral,men,BRA,Total,Participación laboral femenina
8,.0073198974,.0045919591,Participación laboral,men,BRA,Total,Participación laboral femenina
9,.0046550361,.0049132574,Participación laboral,men,BRA,Total,Participación laboral femenina
10,-.0024462561,.0056831064,Participación laboral,men,BRA,Total,Participación laboral femenina
-5,.0064069089,.0098750452,Participación laboral,men,BOL,Total,Participación laboral femenina
-4,.0055555832,.010510404,Participación laboral,men,BOL,Total,Participación laboral femenina
-3,.0065352805,.0098682409,Participación laboral,men,BOL,Total,Participación laboral femenina
-2,0,0,Participación laboral,men,BOL,Total,Participación laboral femenina
-1,.00030745563,.0090895249,Participación laboral,men,BOL,Total,Participación laboral femenina
0,.0079402085,.011107602,Participación laboral,men,BOL,Total,Participación laboral femenina
1,.0089853536,.011486381,Participación laboral,men,BOL,Total,Participación laboral femenina
2,.0082380036,.011291075,Participación laboral,men,BOL,Total,Participación laboral femenina
3,.01384036,.010692776,Participación laboral,men,BOL,Total,Participación laboral femenina
4,.014652539,.0099059734,Participación laboral,men,BOL,Total,Participación laboral femenina
5,.016728979,.0093656844,Participación laboral,men,BOL,Total,Participación laboral femenina
6,.0072396165,.012927733,Participación laboral,men,BOL,Total,Participación laboral femenina
7,.013318981,.01148541,Participación laboral,men,BOL,Total,Participación laboral femenina
8,.017369751,.010604153,Participación laboral,men,BOL,Total,Participación laboral femenina
9,.011883386,.013173478,Participación laboral,men,BOL,Total,Participación laboral femenina
10,.018531958,.0079703182,Participación laboral,men,BOL,Total,Participación laboral femenina
-5,.00048690222,.003435629,Participación laboral,men,ARG,Total,Participación laboral femenina
-4,.00014965115,.0030123573,Participación laboral,men,ARG,Total,Participación laboral femenina
-3,.0019433646,.0026662271,Participación laboral,men,ARG,Total,Participación laboral femenina
-2,0,0,Participación laboral,men,ARG,Total,Participación laboral femenina
-1,.0021105818,.0022745612,Participación laboral,men,ARG,Total,Participación laboral femenina
0,.0060243118,.0036429251,Participación laboral,men,ARG,Total,Participación laboral femenina
1,.0041088816,.0040216423,Participación laboral,men,ARG,Total,Participación laboral femenina
2,.0046655084,.0040839026,Participación laboral,men,ARG,Total,Participación laboral femenina
3,.0085880673,.0039842678,Participación laboral,men,ARG,Total,Participación laboral femenina
4,.0082723852,.004432328,Participación laboral,men,ARG,Total,Participación laboral femenina
5,.0050028521,.0054292865,Participación laboral,men,ARG,Total,Participación laboral femenina
6,.0063601201,.0056444453,Participación laboral,men,ARG,Total,Participación laboral femenina
7,-.0030641267,.0076979375,Participación laboral,men,ARG,Total,Participación laboral femenina
8,-.00028989508,.007998622,Participación laboral,men,ARG,Total,Participación laboral femenina
9,-.0009643496,.0091915634,Participación laboral,men,ARG,Total,Participación laboral femenina
10,.0054922635,.010574681,Participación laboral,men,ARG,Total,Participación laboral femenina
-5,19.148024,2.949847,Ingreso laboral,women,URY,Total,Ingreso laboral total
-4,13.724034,2.8226469,Ingreso laboral,women,URY,Total,Ingreso laboral total
-3,6.2095084,2.7490599,Ingreso laboral,women,URY,Total,Ingreso laboral total
-2,0,0,Ingreso laboral,women,URY,Total,Ingreso laboral total
-1,-7.4663291,2.7695296,Ingreso laboral,women,URY,Total,Ingreso laboral total
0,-85.359695,11.029476,Ingreso laboral,women,URY,Total,Ingreso laboral total
1,-60.12439,10.029995,Ingreso laboral,women,URY,Total,Ingreso laboral total
2,-65.400627,11.165657,Ingreso laboral,women,URY,Total,Ingreso laboral total
3,-67.545906,14.572515,Ingreso laboral,women,URY,Total,Ingreso laboral total
4,-83.899101,11.707634,Ingreso laboral,women,URY,Total,Ingreso laboral total
5,-83.220268,13.204936,Ingreso laboral,women,URY,Total,Ingreso laboral total
6,-95.469345,14.716043,Ingreso laboral,women,URY,Total,Ingreso laboral total
7,-106.55146,14.851223,Ingreso laboral,women,URY,Total,Ingreso laboral total
8,-117.20071,16.499044,Ingreso laboral,women,URY,Total,Ingreso laboral total
9,-104.4612,19.123098,Ingreso laboral,women,URY,Total,Ingreso laboral total
10,-141.49448,20.112745,Ingreso laboral,women,URY,Total,Ingreso laboral total
-5,40.302834,30.193298,Ingreso laboral,women,PRY,Total,Ingreso laboral total
-4,25.928493,30.519611,Ingreso laboral,women,PRY,Total,Ingreso laboral total
-3,10.135098,27.884319,Ingreso laboral,women,PRY,Total,Ingreso laboral total
-2,0,0,Ingreso laboral,women,PRY,Total,Ingreso laboral total
-1,-4.6054235,31.83769,Ingreso laboral,women,PRY,Total,Ingreso laboral total
0,-126.91341,64.766556,Ingreso laboral,women,PRY,Total,Ingreso laboral total
1,-84.791611,154.57178,Ingreso laboral,women,PRY,Total,Ingreso laboral total
2,-73.81601,73.351112,Ingreso laboral,women,PRY,Total,Ingreso laboral total
3,-128.32785,81.688232,Ingreso laboral,women,PRY,Total,Ingreso laboral total
4,-150.54439,79.050827,Ingreso laboral,women,PRY,Total,Ingreso laboral total
5,-169.62224,88.638527,Ingreso laboral,women,PRY,Total,Ingreso laboral total
6,-95.44648,120.7195,Ingreso laboral,women,PRY,Total,Ingreso laboral total
7,-75.419952,100.90891,Ingreso laboral,women,PRY,Total,Ingreso laboral total
8,-135.66344,99.874092,Ingreso laboral,women,PRY,Total,Ingreso laboral total
9,-145.42717,110.42002,Ingreso laboral,women,PRY,Total,Ingreso laboral total
10,-116.32565,119.00412,Ingreso laboral,women,PRY,Total,Ingreso laboral total
-5,25.293335,39.423721,Ingreso laboral,women,PER,Total,Ingreso laboral total
-4,46.835152,38.428677,Ingreso laboral,women,PER,Total,Ingreso laboral total
-3,18.630119,35.26936,Ingreso laboral,women,PER,Total,Ingreso laboral total
-2,0,0,Ingreso laboral,women,PER,Total,Ingreso laboral total
-1,-43.755306,32.59417,Ingreso laboral,women,PER,Total,Ingreso laboral total
0,-244.00467,42.901268,Ingreso laboral,women,PER,Total,Ingreso laboral total
1,-170.96992,58.796833,Ingreso laboral,women,PER,Total,Ingreso laboral total
2,-171.33218,53.664478,Ingreso laboral,women,PER,Total,Ingreso laboral total
3,-243.7785,55.201389,Ingreso laboral,women,PER,Total,Ingreso laboral total
4,-199.70143,58.355713,Ingreso laboral,women,PER,Total,Ingreso laboral total
5,-224.55969,59.419563,Ingreso laboral,women,PER,Total,Ingreso laboral total
6,-208.7097,79.977348,Ingreso laboral,women,PER,Total,Ingreso laboral total
7,-276.07782,61.051655,Ingreso laboral,women,PER,Total,Ingreso laboral total
8,-269.11581,66.771873,Ingreso laboral,women,PER,Total,Ingreso laboral total
9,-263.75748,73.246956,Ingreso laboral,women,PER,Total,Ingreso laboral total
10,-331.681,70.201012,Ingreso laboral,women,PER,Total,Ingreso laboral total
-5,12.713495,31.110565,Ingreso laboral,women,PAN,Total,Ingreso laboral total
-4,10.87102,29.422159,Ingreso laboral,women,PAN,Total,Ingreso laboral total
-3,4.2383189,28.697248,Ingreso laboral,women,PAN,Total,Ingreso laboral total
-2,0,0,Ingreso laboral,women,PAN,Total,Ingreso laboral total
-1,-36.867538,27.544779,Ingreso laboral,women,PAN,Total,Ingreso laboral total
0,-170.47346,68.637901,Ingreso laboral,women,PAN,Total,Ingreso laboral total
1,-181.87889,72.320473,Ingreso laboral,women,PAN,Total,Ingreso laboral total
2,-176.08238,71.594124,Ingreso laboral,women,PAN,Total,Ingreso laboral total
3,-192.55226,71.473976,Ingreso laboral,women,PAN,Total,Ingreso laboral total
4,-173.07272,84.793556,Ingreso laboral,women,PAN,Total,Ingreso laboral total
5,-180.09132,96.180397,Ingreso laboral,women,PAN,Total,Ingreso laboral total
6,-228.1461,85.918449,Ingreso laboral,women,PAN,Total,Ingreso laboral total
7,-243.80353,93.807274,Ingreso laboral,women,PAN,Total,Ingreso laboral total
8,-283.45065,104.19152,Ingreso laboral,women,PAN,Total,Ingreso laboral total
9,-333.53909,97.393692,Ingreso laboral,women,PAN,Total,Ingreso laboral total
10,-252.2776,127.51083,Ingreso laboral,women,PAN,Total,Ingreso laboral total
-5,17.629395,3.679172,Ingreso laboral,women,MEX,Total,Ingreso laboral total
-4,13.38749,3.3245764,Ingreso laboral,women,MEX,Total,Ingreso laboral total
-3,9.1777477,3.1220918,Ingreso laboral,women,MEX,Total,Ingreso laboral total
-2,0,0,Ingreso laboral,women,MEX,Total,Ingreso laboral total
-1,-10.571702,2.9523206,Ingreso laboral,women,MEX,Total,Ingreso laboral total
0,-136.88249,7.415771,Ingreso laboral,women,MEX,Total,Ingreso laboral total
1,-133.28894,7.4529901,Ingreso laboral,women,MEX,Total,Ingreso laboral total
2,-142.16673,7.2483854,Ingreso laboral,women,MEX,Total,Ingreso laboral total
3,-145.12791,7.5006442,Ingreso laboral,women,MEX,Total,Ingreso laboral total
4,-159.81447,7.5604043,Ingreso laboral,women,MEX,Total,Ingreso laboral total
5,-151.80203,7.8772368,Ingreso laboral,women,MEX,Total,Ingreso laboral total
6,-158.89702,8.3805513,Ingreso laboral,women,MEX,Total,Ingreso laboral total
7,-161.10048,8.7595015,Ingreso laboral,women,MEX,Total,Ingreso laboral total
8,-157.28275,9.8896885,Ingreso laboral,women,MEX,Total,Ingreso laboral total
9,-146.35191,10.629852,Ingreso laboral,women,MEX,Total,Ingreso laboral total
10,-159.54111,11.666507,Ingreso laboral,women,MEX,Total,Ingreso laboral total
-5,5.9111891,24.584421,Ingreso laboral,women,ECU,Total,Ingreso laboral total
-4,5.2791572,22.885145,Ingreso laboral,women,ECU,Total,Ingreso laboral total
-3,-16.327068,21.000725,Ingreso laboral,women,ECU,Total,Ingreso laboral total
-2,0,0,Ingreso laboral,women,ECU,Total,Ingreso laboral total
-1,-36.112427,19.800423,Ingreso laboral,women,ECU,Total,Ingreso laboral total
0,-190.8947,37.41679,Ingreso laboral,women,ECU,Total,Ingreso laboral total
1,-187.89232,38.813778,Ingreso laboral,women,ECU,Total,Ingreso laboral total
2,-154.4626,42.642914,Ingreso laboral,women,ECU,Total,Ingreso laboral total
3,-176.62419,40.595409,Ingreso laboral,women,ECU,Total,Ingreso laboral total
4,-153.22501,42.322723,Ingreso laboral,women,ECU,Total,Ingreso laboral total
5,-174.25481,58.734722,Ingreso laboral,women,ECU,Total,Ingreso laboral total
6,-128.04723,95.267151,Ingreso laboral,women,ECU,Total,Ingreso laboral total
7,-190.24687,52.381466,Ingreso laboral,women,ECU,Total,Ingreso laboral total
8,-190.95393,53.392708,Ingreso laboral,women,ECU,Total,Ingreso laboral total
9,-229.21432,62.818428,Ingreso laboral,women,ECU,Total,Ingreso laboral total
10,-254.37862,68.033287,Ingreso laboral,women,ECU,Total,Ingreso laboral total
-5,88.165207,42.309135,Ingreso laboral,women,CRI,Total,Ingreso laboral total
-4,58.614876,38.494358,Ingreso laboral,women,CRI,Total,Ingreso laboral total
-3,1.6386772,36.935364,Ingreso laboral,women,CRI,Total,Ingreso laboral total
-2,0,0,Ingreso laboral,women,CRI,Total,Ingreso laboral total
-1,-45.206684,37.063122,Ingreso laboral,women,CRI,Total,Ingreso laboral total
0,-329.68015,72.103531,Ingreso laboral,women,CRI,Total,Ingreso laboral total
1,-344.09363,86.277611,Ingreso laboral,women,CRI,Total,Ingreso laboral total
2,-441.40396,70.160835,Ingreso laboral,women,CRI,Total,Ingreso laboral total
3,-498.96164,102.03123,Ingreso laboral,women,CRI,Total,Ingreso laboral total
4,-464.71393,85.650574,Ingreso laboral,women,CRI,Total,Ingreso laboral total
5,-482.01553,98.76091,Ingreso laboral,women,CRI,Total,Ingreso laboral total
6,-595.33301,91.78511,Ingreso laboral,women,CRI,Total,Ingreso laboral total
7,-564.88544,99.93692,Ingreso laboral,women,CRI,Total,Ingreso laboral total
8,-499.91193,113.73717,Ingreso laboral,women,CRI,Total,Ingreso laboral total
9,-550.16321,114.88274,Ingreso laboral,women,CRI,Total,Ingreso laboral total
10,-487.18332,138.2737,Ingreso laboral,women,CRI,Total,Ingreso laboral total
-5,46.684811,7.0304928,Ingreso laboral,women,COL,Total,Ingreso laboral total
-4,29.889231,6.2563643,Ingreso laboral,women,COL,Total,Ingreso laboral total
-3,17.014587,5.715631,Ingreso laboral,women,COL,Total,Ingreso laboral total
-2,0,0,Ingreso laboral,women,COL,Total,Ingreso laboral total
-1,-19.131933,5.4755964,Ingreso laboral,women,COL,Total,Ingreso laboral total
0,-169.94208,14.272234,Ingreso laboral,women,COL,Total,Ingreso laboral total
1,-163.59326,15.899755,Ingreso laboral,women,COL,Total,Ingreso laboral total
2,-182.7943,15.799662,Ingreso laboral,women,COL,Total,Ingreso laboral total
3,-175.55179,17.89934,Ingreso laboral,women,COL,Total,Ingreso laboral total
4,-185.68991,18.991093,Ingreso laboral,women,COL,Total,Ingreso laboral total
5,-215.71448,21.704702,Ingreso laboral,women,COL,Total,Ingreso laboral total
6,-207.6123,24.546612,Ingreso laboral,women,COL,Total,Ingreso laboral total
7,-239.58926,23.53191,Ingreso laboral,women,COL,Total,Ingreso laboral total
8,-213.00427,28.92144,Ingreso laboral,women,COL,Total,Ingreso laboral total
9,-225.53879,34.654495,Ingreso laboral,women,COL,Total,Ingreso laboral total
10,-238.58971,47.349262,Ingreso laboral,women,COL,Total,Ingreso laboral total
-5,14.821724,8.2664919,Ingreso laboral,women,CHL,Total,Ingreso laboral total
-4,11.175494,8.4380178,Ingreso laboral,women,CHL,Total,Ingreso laboral total
-3,5.8990064,7.9914227,Ingreso laboral,women,CHL,Total,Ingreso laboral total
-2,0,0,Ingreso laboral,women,CHL,Total,Ingreso laboral total
-1,-2.3146048,8.1557732,Ingreso laboral,women,CHL,Total,Ingreso laboral total
0,-81.563713,20.291553,Ingreso laboral,women,CHL,Total,Ingreso laboral total
1,-79.820183,19.886057,Ingreso laboral,women,CHL,Total,Ingreso laboral total
2,-80.031494,26.631393,Ingreso laboral,women,CHL,Total,Ingreso laboral total
3,-82.486183,21.206007,Ingreso laboral,women,CHL,Total,Ingreso laboral total
4,-76.183235,23.981289,Ingreso laboral,women,CHL,Total,Ingreso laboral total
5,-83.597458,21.816067,Ingreso laboral,women,CHL,Total,Ingreso laboral total
6,-91.180939,21.6299,Ingreso laboral,women,CHL,Total,Ingreso laboral total
7,-121.79561,19.457979,Ingreso laboral,women,CHL,Total,Ingreso laboral total
8,-111.06016,22.358326,Ingreso laboral,women,CHL,Total,Ingreso laboral total
9,-105.17066,24.059404,Ingreso laboral,women,CHL,Total,Ingreso laboral total
10,-101.7207,26.495575,Ingreso laboral,women,CHL,Total,Ingreso laboral total
-5,61.76667,6.2217145,Ingreso laboral,women,BRA,Total,Ingreso laboral total
-4,43.801472,6.0063601,Ingreso laboral,women,BRA,Total,Ingreso laboral total
-3,22.150175,5.7039251,Ingreso laboral,women,BRA,Total,Ingreso laboral total
-2,0,0,Ingreso laboral,women,BRA,Total,Ingreso laboral total
-1,-26.755678,5.7245717,Ingreso laboral,women,BRA,Total,Ingreso laboral total
0,-156.82701,16.617161,Ingreso laboral,women,BRA,Total,Ingreso laboral total
1,-203.74834,16.008793,Ingreso laboral,women,BRA,Total,Ingreso laboral total
2,-214.6548,16.205692,Ingreso laboral,women,BRA,Total,Ingreso laboral total
3,-219.08524,16.763157,Ingreso laboral,women,BRA,Total,Ingreso laboral total
4,-240.52814,18.285738,Ingreso laboral,women,BRA,Total,Ingreso laboral total
5,-250.63916,19.757751,Ingreso laboral,women,BRA,Total,Ingreso laboral total
6,-289.90952,18.386656,Ingreso laboral,women,BRA,Total,Ingreso laboral total
7,-301.16132,19.723639,Ingreso laboral,women,BRA,Total,Ingreso laboral total
8,-294.40829,22.3503,Ingreso laboral,women,BRA,Total,Ingreso laboral total
9,-330.0159,21.538105,Ingreso laboral,women,BRA,Total,Ingreso laboral total
10,-340.83768,22.940311,Ingreso laboral,women,BRA,Total,Ingreso laboral total
-5,-2.9010036,47.620968,Ingreso laboral,women,BOL,Total,Ingreso laboral total
-4,-24.291176,38.798138,Ingreso laboral,women,BOL,Total,Ingreso laboral total
-3,-25.435009,37.178463,Ingreso laboral,women,BOL,Total,Ingreso laboral total
-2,0,0,Ingreso laboral,women,BOL,Total,Ingreso laboral total
-1,-26.381138,36.42997,Ingreso laboral,women,BOL,Total,Ingreso laboral total
0,-159.08908,56.20422,Ingreso laboral,women,BOL,Total,Ingreso laboral total
1,-153.45493,54.30851,Ingreso laboral,women,BOL,Total,Ingreso laboral total
2,-146.30911,60.573578,Ingreso laboral,women,BOL,Total,Ingreso laboral total
3,-166.07573,60.144402,Ingreso laboral,women,BOL,Total,Ingreso laboral total
4,-202.95107,66.306366,Ingreso laboral,women,BOL,Total,Ingreso laboral total
5,-196.43475,66.928238,Ingreso laboral,women,BOL,Total,Ingreso laboral total
6,-142.5925,84.564026,Ingreso laboral,women,BOL,Total,Ingreso laboral total
7,-200.88858,76.598953,Ingreso laboral,women,BOL,Total,Ingreso laboral total
8,-146.72214,82.521255,Ingreso laboral,women,BOL,Total,Ingreso laboral total
9,-237.28783,75.827164,Ingreso laboral,women,BOL,Total,Ingreso laboral total
10,-224.81709,74.685814,Ingreso laboral,women,BOL,Total,Ingreso laboral total
-5,25.768703,12.178797,Ingreso laboral,women,ARG,Total,Ingreso laboral total
-4,27.643709,11.252024,Ingreso laboral,women,ARG,Total,Ingreso laboral total
-3,4.5199256,10.306096,Ingreso laboral,women,ARG,Total,Ingreso laboral total
-2,0,0,Ingreso laboral,women,ARG,Total,Ingreso laboral total
-1,-21.092159,9.6719093,Ingreso laboral,women,ARG,Total,Ingreso laboral total
0,-167.83315,20.021791,Ingreso laboral,women,ARG,Total,Ingreso laboral total
1,-186.50374,20.761274,Ingreso laboral,women,ARG,Total,Ingreso laboral total
2,-223.54407,21.36463,Ingreso laboral,women,ARG,Total,Ingreso laboral total
3,-239.27289,22.682693,Ingreso laboral,women,ARG,Total,Ingreso laboral total
4,-262.10974,23.67828,Ingreso laboral,women,ARG,Total,Ingreso laboral total
5,-249.28044,25.996712,Ingreso laboral,women,ARG,Total,Ingreso laboral total
6,-309.45834,27.185438,Ingreso laboral,women,ARG,Total,Ingreso laboral total
7,-311.11307,31.918375,Ingreso laboral,women,ARG,Total,Ingreso laboral total
8,-305.89609,33.251297,Ingreso laboral,women,ARG,Total,Ingreso laboral total
9,-309.02887,37.443699,Ingreso laboral,women,ARG,Total,Ingreso laboral total
10,-306.01413,44.821438,Ingreso laboral,women,ARG,Total,Ingreso laboral total
-5,.021671696,.0052307798,Empleo,women,URY,Total,Empleado
-4,.015263596,.0048745624,Empleo,women,URY,Total,Empleado
-3,.0072856895,.0046464796,Empleo,women,URY,Total,Empleado
-2,0,0,Empleo,women,URY,Total,Empleado
-1,-.0037608342,.0044050738,Empleo,women,URY,Total,Empleado
0,-.12247365,.014462331,Empleo,women,URY,Total,Empleado
1,-.11986843,.014728604,Empleo,women,URY,Total,Empleado
2,-.1245717,.014378848,Empleo,women,URY,Total,Empleado
3,-.11903361,.014348405,Empleo,women,URY,Total,Empleado
4,-.11485305,.014601476,Empleo,women,URY,Total,Empleado
5,-.10293925,.014976491,Empleo,women,URY,Total,Empleado
6,-.12983625,.016569128,Empleo,women,URY,Total,Empleado
7,-.10302513,.01644269,Empleo,women,URY,Total,Empleado
8,-.12556309,.018347699,Empleo,women,URY,Total,Empleado
9,-.11304285,.019036647,Empleo,women,URY,Total,Empleado
10,-.14267281,.021495877,Empleo,women,URY,Total,Empleado
-5,.023770699,.027121622,Empleo,women,PRY,Total,Empleado
-4,.015828893,.025388356,Empleo,women,PRY,Total,Empleado
-3,.0078831995,.024333071,Empleo,women,PRY,Total,Empleado
-2,0,0,Empleo,women,PRY,Total,Empleado
-1,.001292336,.024228122,Empleo,women,PRY,Total,Empleado
0,-.18968834,.049895167,Empleo,women,PRY,Total,Empleado
1,-.14809683,.050542474,Empleo,women,PRY,Total,Empleado
2,-.095774457,.049947996,Empleo,women,PRY,Total,Empleado
3,-.096506916,.050560847,Empleo,women,PRY,Total,Empleado
4,-.10761256,.052847702,Empleo,women,PRY,Total,Empleado
5,-.094511822,.052725818,Empleo,women,PRY,Total,Empleado
6,-.15599816,.057263017,Empleo,women,PRY,Total,Empleado
7,-.029525552,.056233246,Empleo,women,PRY,Total,Empleado
8,-.08328291,.060281273,Empleo,women,PRY,Total,Empleado
9,-.063181505,.061167538,Empleo,women,PRY,Total,Empleado
10,-.033130284,.063395351,Empleo,women,PRY,Total,Empleado
-5,-.00053065695,.042269681,Empleo,women,PER,Total,Empleado
-4,.003409185,.038955204,Empleo,women,PER,Total,Empleado
-3,-.0019267221,.035373952,Empleo,women,PER,Total,Empleado
-2,0,0,Empleo,women,PER,Total,Empleado
-1,-.045381594,.032751214,Empleo,women,PER,Total,Empleado
0,-.31982657,.059296854,Empleo,women,PER,Total,Empleado
1,-.23096636,.056649148,Empleo,women,PER,Total,Empleado
2,-.15958549,.05717735,Empleo,women,PER,Total,Empleado
3,-.14894177,.059002277,Empleo,women,PER,Total,Empleado
4,-.13051833,.058929939,Empleo,women,PER,Total,Empleado
5,-.15761916,.059980109,Empleo,women,PER,Total,Empleado
6,-.1220014,.061746806,Empleo,women,PER,Total,Empleado
7,-.17417513,.068553217,Empleo,women,PER,Total,Empleado
8,-.1247291,.06658154,Empleo,women,PER,Total,Empleado
9,-.14949164,.073554501,Empleo,women,PER,Total,Empleado
10,-.13426323,.081327222,Empleo,women,PER,Total,Empleado
-5,.010834102,.023187403,Empleo,women,PAN,Total,Empleado
-4,.016837861,.021094333,Empleo,women,PAN,Total,Empleado
-3,.0055081369,.019828334,Empleo,women,PAN,Total,Empleado
-2,0,0,Empleo,women,PAN,Total,Empleado
-1,.00074901758,.018541751,Empleo,women,PAN,Total,Empleado
0,-.19188936,.041806649,Empleo,women,PAN,Total,Empleado
1,-.1931313,.044274166,Empleo,women,PAN,Total,Empleado
2,-.14352244,.042016748,Empleo,women,PAN,Total,Empleado
3,-.15156542,.043623447,Empleo,women,PAN,Total,Empleado
4,-.12814189,.044302866,Empleo,women,PAN,Total,Empleado
5,-.10136482,.043907184,Empleo,women,PAN,Total,Empleado
6,-.1387867,.048096187,Empleo,women,PAN,Total,Empleado
7,-.1578995,.050600775,Empleo,women,PAN,Total,Empleado
8,-.12310275,.053025618,Empleo,women,PAN,Total,Empleado
9,-.10579836,.053900629,Empleo,women,PAN,Total,Empleado
10,-.13024488,.056945227,Empleo,women,PAN,Total,Empleado
-5,.018376468,.0035870704,Empleo,women,MEX,Total,Empleado
-4,.013695345,.0031876804,Empleo,women,MEX,Total,Empleado
-3,.0040620333,.0029273855,Empleo,women,MEX,Total,Empleado
-2,0,0,Empleo,women,MEX,Total,Empleado
-1,-.0080719152,.0026797992,Empleo,women,MEX,Total,Empleado
0,-.21034738,.0075118388,Empleo,women,MEX,Total,Empleado
1,-.18200141,.0073589045,Empleo,women,MEX,Total,Empleado
2,-.17684181,.0074779512,Empleo,women,MEX,Total,Empleado
3,-.1723447,.0076691206,Empleo,women,MEX,Total,Empleado
4,-.18030222,.0079813078,Empleo,women,MEX,Total,Empleado
5,-.17631507,.0083876178,Empleo,women,MEX,Total,Empleado
6,-.18699312,.0089195073,Empleo,women,MEX,Total,Empleado
7,-.16986969,.0095253587,Empleo,women,MEX,Total,Empleado
8,-.17717777,.010405001,Empleo,women,MEX,Total,Empleado
9,-.16353273,.011253194,Empleo,women,MEX,Total,Empleado
10,-.16574635,.012769438,Empleo,women,MEX,Total,Empleado
-5,-.0051982147,.022804998,Empleo,women,ECU,Total,Empleado
-4,.0033934778,.020480881,Empleo,women,ECU,Total,Empleado
-3,-.0012625168,.018793004,Empleo,women,ECU,Total,Empleado
-2,0,0,Empleo,women,ECU,Total,Empleado
-1,-.0085460646,.016979683,Empleo,women,ECU,Total,Empleado
0,-.22941037,.037356351,Empleo,women,ECU,Total,Empleado
1,-.19416501,.037277248,Empleo,women,ECU,Total,Empleado
2,-.16879126,.037030682,Empleo,women,ECU,Total,Empleado
3,-.16351335,.037785262,Empleo,women,ECU,Total,Empleado
4,-.13460083,.037254009,Empleo,women,ECU,Total,Empleado
5,-.15808342,.039479844,Empleo,women,ECU,Total,Empleado
6,-.14082746,.041032512,Empleo,women,ECU,Total,Empleado
7,-.14443304,.041295528,Empleo,women,ECU,Total,Empleado
8,-.14787239,.046590608,Empleo,women,ECU,Total,Empleado
9,-.17018725,.051180545,Empleo,women,ECU,Total,Empleado
10,-.15576282,.058873903,Empleo,women,ECU,Total,Empleado
-5,.037907798,.026084339,Empleo,women,CRI,Total,Empleado
-4,.041962761,.02441211,Empleo,women,CRI,Total,Empleado
-3,-.00036730527,.023268878,Empleo,women,CRI,Total,Empleado
-2,0,0,Empleo,women,CRI,Total,Empleado
-1,-.019726602,.02188047,Empleo,women,CRI,Total,Empleado
0,-.2713196,.043318756,Empleo,women,CRI,Total,Empleado
1,-.27088991,.0433539,Empleo,women,CRI,Total,Empleado
2,-.26556063,.04264709,Empleo,women,CRI,Total,Empleado
3,-.29328707,.045710657,Empleo,women,CRI,Total,Empleado
4,-.28560349,.045545209,Empleo,women,CRI,Total,Empleado
5,-.30341768,.04970628,Empleo,women,CRI,Total,Empleado
6,-.33594531,.052667029,Empleo,women,CRI,Total,Empleado
7,-.29174939,.055478424,Empleo,women,CRI,Total,Empleado
8,-.26076791,.057640232,Empleo,women,CRI,Total,Empleado
9,-.29881683,.060713291,Empleo,women,CRI,Total,Empleado
10,-.27667177,.063872688,Empleo,women,CRI,Total,Empleado
-5,.018796718,.0047797514,Empleo,women,COL,Total,Empleado
-4,.0092168897,.0041735494,Empleo,women,COL,Total,Empleado
-3,.0072269272,.0037685779,Empleo,women,COL,Total,Empleado
-2,0,0,Empleo,women,COL,Total,Empleado
-1,-.0050823963,.0033867259,Empleo,women,COL,Total,Empleado
0,-.20250374,.0094941547,Empleo,women,COL,Total,Empleado
1,-.14912653,.0095688803,Empleo,women,COL,Total,Empleado
2,-.12862182,.0098157544,Empleo,women,COL,Total,Empleado
3,-.10638949,.010237222,Empleo,women,COL,Total,Empleado
4,-.10354063,.010877566,Empleo,women,COL,Total,Empleado
5,-.11058561,.011849578,Empleo,women,COL,Total,Empleado
6,-.10671224,.01285602,Empleo,women,COL,Total,Empleado
7,-.11229049,.014570286,Empleo,women,COL,Total,Empleado
8,-.098536037,.016804107,Empleo,women,COL,Total,Empleado
9,-.098732844,.01999991,Empleo,women,COL,Total,Empleado
10,-.11720331,.028370459,Empleo,women,COL,Total,Empleado
-5,.020760074,.0067106374,Empleo,women,CHL,Total,Empleado
-4,.0083339764,.0061010197,Empleo,women,CHL,Total,Empleado
-3,.0022390524,.005656247,Empleo,women,CHL,Total,Empleado
-2,0,0,Empleo,women,CHL,Total,Empleado
-1,-.011210086,.0051643769,Empleo,women,CHL,Total,Empleado
0,-.12162993,.015063257,Empleo,women,CHL,Total,Empleado
1,-.16953729,.014990885,Empleo,women,CHL,Total,Empleado
2,-.15781108,.014291687,Empleo,women,CHL,Total,Empleado
3,-.14005797,.013973501,Empleo,women,CHL,Total,Empleado
4,-.15168101,.014421372,Empleo,women,CHL,Total,Empleado
5,-.15136655,.01472019,Empleo,women,CHL,Total,Empleado
6,-.14940976,.015189349,Empleo,women,CHL,Total,Empleado
7,-.14488478,.015832378,Empleo,women,CHL,Total,Empleado
8,-.16082928,.016861478,Empleo,women,CHL,Total,Empleado
9,-.16794527,.018141864,Empleo,women,CHL,Total,Empleado
10,-.16414258,.01938558,Empleo,women,CHL,Total,Empleado
-5,.021610297,.0036120068,Empleo,women,BRA,Total,Empleado
-4,.012295647,.0033902891,Empleo,women,BRA,Total,Empleado
-3,.0059081819,.0032404074,Empleo,women,BRA,Total,Empleado
-2,0,0,Empleo,women,BRA,Total,Empleado
-1,-.0092201149,.0031061245,Empleo,women,BRA,Total,Empleado
0,-.20958751,.0091121737,Empleo,women,BRA,Total,Empleado
1,-.21202794,.0093411542,Empleo,women,BRA,Total,Empleado
2,-.17759232,.0094887046,Empleo,women,BRA,Total,Empleado
3,-.16186206,.0096185543,Empleo,women,BRA,Total,Empleado
4,-.16239047,.010007945,Empleo,women,BRA,Total,Empleado
5,-.1440779,.010555121,Empleo,women,BRA,Total,Empleado
6,-.15023325,.010929476,Empleo,women,BRA,Total,Empleado
7,-.15691414,.011530447,Empleo,women,BRA,Total,Empleado
8,-.16344763,.012255676,Empleo,women,BRA,Total,Empleado
9,-.15275066,.012395202,Empleo,women,BRA,Total,Empleado
10,-.15591197,.013215995,Empleo,women,BRA,Total,Empleado
-5,.0056884107,.043327793,Empleo,women,BOL,Total,Empleado
-4,-.023244498,.038360313,Empleo,women,BOL,Total,Empleado
-3,-.025562234,.035018902,Empleo,women,BOL,Total,Empleado
-2,0,0,Empleo,women,BOL,Total,Empleado
-1,-.035475507,.032130826,Empleo,women,BOL,Total,Empleado
0,-.30749407,.055230685,Empleo,women,BOL,Total,Empleado
1,-.24296494,.058463763,Empleo,women,BOL,Total,Empleado
2,-.18593942,.058918547,Empleo,women,BOL,Total,Empleado
3,-.18208884,.057467077,Empleo,women,BOL,Total,Empleado
4,-.25203329,.062773161,Empleo,women,BOL,Total,Empleado
5,-.2407742,.065167129,Empleo,women,BOL,Total,Empleado
6,-.27155626,.071906328,Empleo,women,BOL,Total,Empleado
7,-.22172189,.077627726,Empleo,women,BOL,Total,Empleado
8,-.1200648,.074514814,Empleo,women,BOL,Total,Empleado
9,-.20957713,.074892662,Empleo,women,BOL,Total,Empleado
10,-.19132695,.073454924,Empleo,women,BOL,Total,Empleado
-5,.020783743,.0090933489,Empleo,women,ARG,Total,Empleado
-4,.021148426,.0081380997,Empleo,women,ARG,Total,Empleado
-3,.012214717,.007489474,Empleo,women,ARG,Total,Empleado
-2,0,0,Empleo,women,ARG,Total,Empleado
-1,-.0096258484,.0067397673,Empleo,women,ARG,Total,Empleado
0,-.16519758,.01524321,Empleo,women,ARG,Total,Empleado
1,-.17445704,.015735688,Empleo,women,ARG,Total,Empleado
2,-.17950881,.016668331,Empleo,women,ARG,Total,Empleado
3,-.19327021,.017613374,Empleo,women,ARG,Total,Empleado
4,-.20642449,.018953344,Empleo,women,ARG,Total,Empleado
5,-.1916142,.02018179,Empleo,women,ARG,Total,Empleado
6,-.20998286,.022191836,Empleo,women,ARG,Total,Empleado
7,-.22438017,.024061153,Empleo,women,ARG,Total,Empleado
8,-.22184771,.025698746,Empleo,women,ARG,Total,Empleado
9,-.22735681,.028692257,Empleo,women,ARG,Total,Empleado
10,-.23040511,.035101861,Empleo,women,ARG,Total,Empleado
-5,.014737955,.0040007946,Participación laboral,women,URY,Total,Participación laboral femenina
-4,.01134157,.0037699807,Participación laboral,women,URY,Total,Participación laboral femenina
-3,.0060395841,.0035953058,Participación laboral,women,URY,Total,Participación laboral femenina
-2,0,0,Participación laboral,women,URY,Total,Participación laboral femenina
-1,-.0018956979,.0034446791,Participación laboral,women,URY,Total,Participación laboral femenina
0,-.13060583,.013545328,Participación laboral,women,URY,Total,Participación laboral femenina
1,-.10782153,.013257537,Participación laboral,women,URY,Total,Participación laboral femenina
2,-.10888032,.012929925,Participación laboral,women,URY,Total,Participación laboral femenina
3,-.10987022,.013062007,Participación laboral,women,URY,Total,Participación laboral femenina
4,-.10271753,.013215703,Participación laboral,women,URY,Total,Participación laboral femenina
5,-.09151233,.013503265,Participación laboral,women,URY,Total,Participación laboral femenina
6,-.11195087,.015035156,Participación laboral,women,URY,Total,Participación laboral femenina
7,-.095180728,.015015219,Participación laboral,women,URY,Total,Participación laboral femenina
8,-.10893599,.016664186,Participación laboral,women,URY,Total,Participación laboral femenina
9,-.094819933,.017107543,Participación laboral,women,URY,Total,Participación laboral femenina
10,-.13125882,.019966379,Participación laboral,women,URY,Total,Participación laboral femenina
-5,.023815572,.026442477,Participación laboral,women,PRY,Total,Participación laboral femenina
-4,.024906857,.024486629,Participación laboral,women,PRY,Total,Participación laboral femenina
-3,.015876718,.023570482,Participación laboral,women,PRY,Total,Participación laboral femenina
-2,0,0,Participación laboral,women,PRY,Total,Participación laboral femenina
-1,.004780469,.023375819,Participación laboral,women,PRY,Total,Participación laboral femenina
0,-.19768658,.049391441,Participación laboral,women,PRY,Total,Participación laboral femenina
1,-.13373235,.049127191,Participación laboral,women,PRY,Total,Participación laboral femenina
2,-.08855284,.048412632,Participación laboral,women,PRY,Total,Participación laboral femenina
3,-.10556477,.049778122,Participación laboral,women,PRY,Total,Participación laboral femenina
4,-.11293113,.051682182,Participación laboral,women,PRY,Total,Participación laboral femenina
5,-.095477827,.051508211,Participación laboral,women,PRY,Total,Participación laboral femenina
6,-.16122551,.056316458,Participación laboral,women,PRY,Total,Participación laboral femenina
7,-.039069951,.05459987,Participación laboral,women,PRY,Total,Participación laboral femenina
8,-.093570493,.059146103,Participación laboral,women,PRY,Total,Participación laboral femenina
9,-.073698312,.059835192,Participación laboral,women,PRY,Total,Participación laboral femenina
10,-.050058905,.062081836,Participación laboral,women,PRY,Total,Participación laboral femenina
-5,-.0031517472,.041319486,Participación laboral,women,PER,Total,Participación laboral femenina
-4,-.0081547713,.037954383,Participación laboral,women,PER,Total,Participación laboral femenina
-3,-.0031034381,.034166142,Participación laboral,women,PER,Total,Participación laboral femenina
-2,0,0,Participación laboral,women,PER,Total,Participación laboral femenina
-1,-.039562806,.031586003,Participación laboral,women,PER,Total,Participación laboral femenina
0,-.32427189,.058849495,Participación laboral,women,PER,Total,Participación laboral femenina
1,-.22934014,.055636398,Participación laboral,women,PER,Total,Participación laboral femenina
2,-.14766526,.055236757,Participación laboral,women,PER,Total,Participación laboral femenina
3,-.12765661,.056684826,Participación laboral,women,PER,Total,Participación laboral femenina
4,-.12627859,.057350438,Participación laboral,women,PER,Total,Participación laboral femenina
5,-.15498644,.05849104,Participación laboral,women,PER,Total,Participación laboral femenina
6,-.12116486,.060236808,Participación laboral,women,PER,Total,Participación laboral femenina
7,-.16300437,.06652268,Participación laboral,women,PER,Total,Participación laboral femenina
8,-.11660577,.064460643,Participación laboral,women,PER,Total,Participación laboral femenina
9,-.13455728,.071011059,Participación laboral,women,PER,Total,Participación laboral femenina
10,-.13385509,.079586081,Participación laboral,women,PER,Total,Participación laboral femenina
-5,.019964872,.021720806,Participación laboral,women,PAN,Total,Participación laboral femenina
-4,.021194803,.019854696,Participación laboral,women,PAN,Total,Participación laboral femenina
-3,.010334022,.018684292,Participación laboral,women,PAN,Total,Participación laboral femenina
-2,0,0,Participación laboral,women,PAN,Total,Participación laboral femenina
-1,-.0043599871,.017456869,Participación laboral,women,PAN,Total,Participación laboral femenina
0,-.20819205,.04146941,Participación laboral,women,PAN,Total,Participación laboral femenina
1,-.1921843,.043406986,Participación laboral,women,PAN,Total,Participación laboral femenina
2,-.13376996,.040475674,Participación laboral,women,PAN,Total,Participación laboral femenina
3,-.14413893,.042343128,Participación laboral,women,PAN,Total,Participación laboral femenina
4,-.12519696,.043268099,Participación laboral,women,PAN,Total,Participación laboral femenina
5,-.097864278,.042624854,Participación laboral,women,PAN,Total,Participación laboral femenina
6,-.13571185,.047073036,Participación laboral,women,PAN,Total,Participación laboral femenina
7,-.15436867,.049777746,Participación laboral,women,PAN,Total,Participación laboral femenina
8,-.12103525,.051988494,Participación laboral,women,PAN,Total,Participación laboral femenina
9,-.099223107,.052674133,Participación laboral,women,PAN,Total,Participación laboral femenina
10,-.13199472,.056302033,Participación laboral,women,PAN,Total,Participación laboral femenina
-5,.02102025,.0035200082,Participación laboral,women,MEX,Total,Participación laboral femenina
-4,.016346259,.003129717,Participación laboral,women,MEX,Total,Participación laboral femenina
-3,.0045199119,.0028768368,Participación laboral,women,MEX,Total,Participación laboral femenina
-2,0,0,Participación laboral,women,MEX,Total,Participación laboral femenina
-1,-.0077247825,.002628969,Participación laboral,women,MEX,Total,Participación laboral femenina
0,-.22244981,.0075014946,Participación laboral,women,MEX,Total,Participación laboral femenina
1,-.18752493,.007318079,Participación laboral,women,MEX,Total,Participación laboral femenina
2,-.18156756,.0074245427,Participación laboral,women,MEX,Total,Participación laboral femenina
3,-.18283267,.0076204608,Participación laboral,women,MEX,Total,Participación laboral femenina
4,-.18973221,.0079304222,Participación laboral,women,MEX,Total,Participación laboral femenina
5,-.18567491,.0083321864,Participación laboral,women,MEX,Total,Participación laboral femenina
6,-.19452621,.008864359,Participación laboral,women,MEX,Total,Participación laboral femenina
7,-.1792417,.00946269,Participación laboral,women,MEX,Total,Participación laboral femenina
8,-.18416317,.010339949,Participación laboral,women,MEX,Total,Participación laboral femenina
9,-.17513919,.011193686,Participación laboral,women,MEX,Total,Participación laboral femenina
10,-.17271435,.012692896,Participación laboral,women,MEX,Total,Participación laboral femenina
-5,-.0070571704,.021894965,Participación laboral,women,ECU,Total,Participación laboral femenina
-4,.0065213512,.019550167,Participación laboral,women,ECU,Total,Participación laboral femenina
-3,-.0048014685,.018024268,Participación laboral,women,ECU,Total,Participación laboral femenina
-2,0,0,Participación laboral,women,ECU,Total,Participación laboral femenina
-1,-.0048459796,.016138673,Participación laboral,women,ECU,Total,Participación laboral femenina
0,-.26156211,.037061438,Participación laboral,women,ECU,Total,Participación laboral femenina
1,-.21135151,.03667333,Participación laboral,women,ECU,Total,Participación laboral femenina
2,-.18791065,.036299285,Participación laboral,women,ECU,Total,Participación laboral femenina
3,-.18300779,.0371195,Participación laboral,women,ECU,Total,Participación laboral femenina
4,-.15363374,.036384884,Participación laboral,women,ECU,Total,Participación laboral femenina
5,-.18401125,.038856484,Participación laboral,women,ECU,Total,Participación laboral femenina
6,-.16283587,.040291585,Participación laboral,women,ECU,Total,Participación laboral femenina
7,-.16218391,.040469222,Participación laboral,women,ECU,Total,Participación laboral femenina
8,-.17323096,.045864049,Participación laboral,women,ECU,Total,Participación laboral femenina
9,-.16463993,.04980791,Participación laboral,women,ECU,Total,Participación laboral femenina
10,-.18881151,.058167294,Participación laboral,women,ECU,Total,Participación laboral femenina
-5,.040668473,.024884215,Participación laboral,women,CRI,Total,Participación laboral femenina
-4,.044489235,.023122381,Participación laboral,women,CRI,Total,Participación laboral femenina
-3,.004596075,.022292657,Participación laboral,women,CRI,Total,Participación laboral femenina
-2,0,0,Participación laboral,women,CRI,Total,Participación laboral femenina
-1,-.016869999,.020938186,Participación laboral,women,CRI,Total,Participación laboral femenina
0,-.29247504,.043111701,Participación laboral,women,CRI,Total,Participación laboral femenina
1,-.27080822,.042792346,Participación laboral,women,CRI,Total,Participación laboral femenina
2,-.27828249,.042128939,Participación laboral,women,CRI,Total,Participación laboral femenina
3,-.28955948,.045154415,Participación laboral,women,CRI,Total,Participación laboral femenina
4,-.27903917,.044936992,Participación laboral,women,CRI,Total,Participación laboral femenina
5,-.29047048,.049010135,Participación laboral,women,CRI,Total,Participación laboral femenina
6,-.34558859,.052165765,Participación laboral,women,CRI,Total,Participación laboral femenina
7,-.29398835,.055051588,Participación laboral,women,CRI,Total,Participación laboral femenina
8,-.2549307,.056665052,Participación laboral,women,CRI,Total,Participación laboral femenina
9,-.29796326,.059808366,Participación laboral,women,CRI,Total,Participación laboral femenina
10,-.26065415,.062706888,Participación laboral,women,CRI,Total,Participación laboral femenina
-5,.016673187,.004213654,Participación laboral,women,COL,Total,Participación laboral femenina
-4,.0071560065,.0036916188,Participación laboral,women,COL,Total,Participación laboral femenina
-3,.0060773427,.0033069397,Participación laboral,women,COL,Total,Participación laboral femenina
-2,0,0,Participación laboral,women,COL,Total,Participación laboral femenina
-1,-.005371857,.0029633793,Participación laboral,women,COL,Total,Participación laboral femenina
0,-.21972756,.0091355676,Participación laboral,women,COL,Total,Participación laboral femenina
1,-.13480754,.0087486869,Participación laboral,women,COL,Total,Participación laboral femenina
2,-.11550281,.0088710794,Participación laboral,women,COL,Total,Participación laboral femenina
3,-.1000798,.0091925366,Participación laboral,women,COL,Total,Participación laboral femenina
4,-.10321097,.0098414915,Participación laboral,women,COL,Total,Participación laboral femenina
5,-.11260521,.0108268,Participación laboral,women,COL,Total,Participación laboral femenina
6,-.10598625,.011662439,Participación laboral,women,COL,Total,Participación laboral femenina
7,-.11373319,.013330353,Participación laboral,women,COL,Total,Participación laboral femenina
8,-.10076607,.015365724,Participación laboral,women,COL,Total,Participación laboral femenina
9,-.09433566,.018251777,Participación laboral,women,COL,Total,Participación laboral femenina
10,-.11880374,.026309034,Participación laboral,women,COL,Total,Participación laboral femenina
-5,.01716616,.006335943,Participación laboral,women,CHL,Total,Participación laboral femenina
-4,.0073496583,.0057472014,Participación laboral,women,CHL,Total,Participación laboral femenina
-3,.0020424002,.0053010606,Participación laboral,women,CHL,Total,Participación laboral femenina
-2,0,0,Participación laboral,women,CHL,Total,Participación laboral femenina
-1,-.013813778,.0048460145,Participación laboral,women,CHL,Total,Participación laboral femenina
0,-.15051061,.014724022,Participación laboral,women,CHL,Total,Participación laboral femenina
1,-.18191925,.014505489,Participación laboral,women,CHL,Total,Participación laboral femenina
2,-.16322798,.013673538,Participación laboral,women,CHL,Total,Participación laboral femenina
3,-.15057454,.013347141,Participación laboral,women,CHL,Total,Participación laboral femenina
4,-.15840527,.013799888,Participación laboral,women,CHL,Total,Participación laboral femenina
5,-.16444497,.0141601,Participación laboral,women,CHL,Total,Participación laboral femenina
6,-.16572717,.014684093,Participación laboral,women,CHL,Total,Participación laboral femenina
7,-.16119395,.015283557,Participación laboral,women,CHL,Total,Participación laboral femenina
8,-.17099209,.016285555,Participación laboral,women,CHL,Total,Participación laboral femenina
9,-.17310777,.017475134,Participación laboral,women,CHL,Total,Participación laboral femenina
10,-.17021868,.018692801,Participación laboral,women,CHL,Total,Participación laboral femenina
-5,.016027492,.0032164375,Participación laboral,women,BRA,Total,Participación laboral femenina
-4,.0099464646,.0030232177,Participación laboral,women,BRA,Total,Participación laboral femenina
-3,.0039409688,.0029022458,Participación laboral,women,BRA,Total,Participación laboral femenina
-2,0,0,Participación laboral,women,BRA,Total,Participación laboral femenina
-1,-.00738294,.0027850876,Participación laboral,women,BRA,Total,Participación laboral femenina
0,-.23422463,.0089462129,Participación laboral,women,BRA,Total,Participación laboral femenina
1,-.21402334,.0090579297,Participación laboral,women,BRA,Total,Participación laboral femenina
2,-.16958153,.0090560373,Participación laboral,women,BRA,Total,Participación laboral femenina
3,-.15627821,.0091536297,Participación laboral,women,BRA,Total,Participación laboral femenina
4,-.15759985,.0095415805,Participación laboral,women,BRA,Total,Participación laboral femenina
5,-.14557762,.010083341,Participación laboral,women,BRA,Total,Participación laboral femenina
6,-.15118164,.010467196,Participación laboral,women,BRA,Total,Participación laboral femenina
7,-.15495349,.011053731,Participación laboral,women,BRA,Total,Participación laboral femenina
8,-.16177562,.011787587,Participación laboral,women,BRA,Total,Participación laboral femenina
9,-.14928354,.011885292,Participación laboral,women,BRA,Total,Participación laboral femenina
10,-.15412591,.012709402,Participación laboral,women,BRA,Total,Participación laboral femenina
-5,.01286718,.040900599,Participación laboral,women,BOL,Total,Participación laboral femenina
-4,-.0065725707,.036182888,Participación laboral,women,BOL,Total,Participación laboral femenina
-3,-.013227969,.033130407,Participación laboral,women,BOL,Total,Participación laboral femenina
-2,0,0,Participación laboral,women,BOL,Total,Participación laboral femenina
-1,-.031263743,.030403046,Participación laboral,women,BOL,Total,Participación laboral femenina
0,-.32595655,.054512698,Participación laboral,women,BOL,Total,Participación laboral femenina
1,-.25683451,.057001837,Participación laboral,women,BOL,Total,Participación laboral femenina
2,-.20384461,.057500366,Participación laboral,women,BOL,Total,Participación laboral femenina
3,-.20585644,.056023911,Participación laboral,women,BOL,Total,Participación laboral femenina
4,-.26955006,.061006125,Participación laboral,women,BOL,Total,Participación laboral femenina
5,-.26414958,.063525058,Participación laboral,women,BOL,Total,Participación laboral femenina
6,-.28048763,.070732743,Participación laboral,women,BOL,Total,Participación laboral femenina
7,-.21539174,.07488019,Participación laboral,women,BOL,Total,Participación laboral femenina
8,-.16299911,.073562719,Participación laboral,women,BOL,Total,Participación laboral femenina
9,-.21690105,.072802499,Participación laboral,women,BOL,Total,Participación laboral femenina
10,-.20891811,.071711175,Participación laboral,women,BOL,Total,Participación laboral femenina
-5,.020193454,.0082676448,Participación laboral,women,ARG,Total,Participación laboral femenina
-4,.019075688,.0074037062,Participación laboral,women,ARG,Total,Participación laboral femenina
-3,.011172679,.0068255537,Participación laboral,women,ARG,Total,Participación laboral femenina
-2,0,0,Participación laboral,women,ARG,Total,Participación laboral femenina
-1,-.007572792,.0061274953,Participación laboral,women,ARG,Total,Participación laboral femenina
0,-.17976619,.014817666,Participación laboral,women,ARG,Total,Participación laboral femenina
1,-.17031763,.015068628,Participación laboral,women,ARG,Total,Participación laboral femenina
2,-.18031989,.016051026,Participación laboral,women,ARG,Total,Participación laboral femenina
3,-.19103988,.016934078,Participación laboral,women,ARG,Total,Participación laboral femenina
4,-.20033281,.01820419,Participación laboral,women,ARG,Total,Participación laboral femenina
5,-.19007871,.019408641,Participación laboral,women,ARG,Total,Participación laboral femenina
6,-.20038439,.021222103,Participación laboral,women,ARG,Total,Participación laboral femenina
7,-.21989964,.023180187,Participación laboral,women,ARG,Total,Participación laboral femenina
8,-.21017344,.024512416,Participación laboral,women,ARG,Total,Participación laboral femenina
9,-.20908312,.027174506,Participación laboral,women,ARG,Total,Participación laboral femenina
10,-.21853195,.033357732,Participación laboral,women,ARG,Total,Participación laboral femenina
-5,32.014828,4.826674,Ingreso laboral,men,LATAM,Total,Ingreso laboral total
-4,23.335533,5.6816869,Ingreso laboral,men,LATAM,Total,Ingreso laboral total
-3,13.509393,5.0307484,Ingreso laboral,men,LATAM,Total,Ingreso laboral total
-2,0,0,Ingreso laboral,men,LATAM,Total,Ingreso laboral total
-1,-15.795531,3.4859848,Ingreso laboral,men,LATAM,Total,Ingreso laboral total
0,-36.698254,7.3263884,Ingreso laboral,men,LATAM,Total,Ingreso laboral total
1,-56.865665,7.3726158,Ingreso laboral,men,LATAM,Total,Ingreso laboral total
2,-80.721138,7.3456874,Ingreso laboral,men,LATAM,Total,Ingreso laboral total
3,-85.822914,7.804203,Ingreso laboral,men,LATAM,Total,Ingreso laboral total
4,-110.96024,7.9392867,Ingreso laboral,men,LATAM,Total,Ingreso laboral total
5,-123.74523,8.627018,Ingreso laboral,men,LATAM,Total,Ingreso laboral total
6,-135.89543,8.8871784,Ingreso laboral,men,LATAM,Total,Ingreso laboral total
7,-148.15097,9.3710451,Ingreso laboral,men,LATAM,Total,Ingreso laboral total
8,-157.62286,10.136424,Ingreso laboral,men,LATAM,Total,Ingreso laboral total
9,-154.07852,11.76177,Ingreso laboral,men,LATAM,Total,Ingreso laboral total
10,-169.98732,13.305327,Ingreso laboral,men,LATAM,Total,Ingreso laboral total
-5,.00072427711,.00089730241,Empleo,men,LATAM,Total,Empleado
-4,.00048840133,.00081340701,Empleo,men,LATAM,Total,Empleado
-3,.00058290333,.00075200689,Empleo,men,LATAM,Total,Empleado
-2,0,0,Empleo,men,LATAM,Total,Empleado
-1,-.00055254757,.00068008876,Empleo,men,LATAM,Total,Empleado
0,.00829193,.0016391418,Empleo,men,LATAM,Total,Empleado
1,.007313964,.0016546479,Empleo,men,LATAM,Total,Empleado
2,.0077677108,.0016774038,Empleo,men,LATAM,Total,Empleado
3,.0085443184,.0017247974,Empleo,men,LATAM,Total,Empleado
4,.0082060881,.0018168003,Empleo,men,LATAM,Total,Empleado
5,.0073713828,.0019377127,Empleo,men,LATAM,Total,Empleado
6,.0068031643,.0020963803,Empleo,men,LATAM,Total,Empleado
7,.0096095828,.0022193214,Empleo,men,LATAM,Total,Empleado
8,.0073492359,.0024611882,Empleo,men,LATAM,Total,Empleado
9,.0086344089,.0026863655,Empleo,men,LATAM,Total,Empleado
10,.003371841,.0031722125,Empleo,men,LATAM,Total,Empleado
-5,-.000018554601,.00060239254,Participación laboral,men,LATAM,Total,Participación laboral femenina
-4,-.00019187354,.00054430781,Participación laboral,men,LATAM,Total,Participación laboral femenina
-3,-.00024708104,.00050398509,Participación laboral,men,LATAM,Total,Participación laboral femenina
-2,0,0,Participación laboral,men,LATAM,Total,Participación laboral femenina
-1,-.00046501562,.00045002112,Participación laboral,men,LATAM,Total,Participación laboral femenina
0,.0063569029,.00098367583,Participación laboral,men,LATAM,Total,Participación laboral femenina
1,.0054838154,.0010116382,Participación laboral,men,LATAM,Total,Participación laboral femenina
2,.0054415506,.001040829,Participación laboral,men,LATAM,Total,Participación laboral femenina
3,.0052256924,.0010977363,Participación laboral,men,LATAM,Total,Participación laboral femenina
4,.0044617639,.0011888572,Participación laboral,men,LATAM,Total,Participación laboral femenina
5,.0045491201,.0012758917,Participación laboral,men,LATAM,Total,Participación laboral femenina
6,.0041009653,.0014026372,Participación laboral,men,LATAM,Total,Participación laboral femenina
7,.0045940252,.0015242684,Participación laboral,men,LATAM,Total,Participación laboral femenina
8,.0032059583,.0017194839,Participación laboral,men,LATAM,Total,Participación laboral femenina
9,.0033189368,.0019263368,Participación laboral,men,LATAM,Total,Participación laboral femenina
10,.001104478,.0023137995,Participación laboral,men,LATAM,Total,Participación laboral femenina
-5,32.064747,2.547781,Ingreso laboral,women,LATAM,Total,Ingreso laboral total
-4,22.667624,2.3802688,Ingreso laboral,women,LATAM,Total,Ingreso laboral total
-3,11.513875,2.2218833,Ingreso laboral,women,LATAM,Total,Ingreso laboral total
-2,0,0,Ingreso laboral,women,LATAM,Total,Ingreso laboral total
-1,-15.572085,2.15786,Ingreso laboral,women,LATAM,Total,Ingreso laboral total
0,-147.10112,5.763876,Ingreso laboral,women,LATAM,Total,Ingreso laboral total
1,-154.27142,5.8897219,Ingreso laboral,women,LATAM,Total,Ingreso laboral total
2,-166.8293,5.9222193,Ingreso laboral,women,LATAM,Total,Ingreso laboral total
3,-173.36818,6.1170387,Ingreso laboral,women,LATAM,Total,Ingreso laboral total
4,-187.08041,6.4479995,Ingreso laboral,women,LATAM,Total,Ingreso laboral total
5,-193.92276,6.8836846,Ingreso laboral,women,LATAM,Total,Ingreso laboral total
6,-208.39423,7.182847,Ingreso laboral,women,LATAM,Total,Ingreso laboral total
7,-224.38574,7.1407266,Ingreso laboral,women,LATAM,Total,Ingreso laboral total
8,-220.50172,8.1264563,Ingreso laboral,women,LATAM,Total,Ingreso laboral total
9,-228.39293,8.5813761,Ingreso laboral,women,LATAM,Total,Ingreso laboral total
10,-239.73286,9.7044744,Ingreso laboral,women,LATAM,Total,Ingreso laboral total
-5,.019294992,.0019554568,Empleo,women,LATAM,Total,Empleado
-4,.012043674,.0017745262,Empleo,women,LATAM,Total,Empleado
-3,.0050484091,.0016510446,Empleo,women,LATAM,Total,Empleado
-2,0,0,Empleo,women,LATAM,Total,Empleado
-1,-.0077240765,.0015255341,Empleo,women,LATAM,Total,Empleado
0,-.19613491,.0042104837,Empleo,women,LATAM,Total,Empleado
1,-.1777816,.0042185532,Empleo,women,LATAM,Total,Empleado
2,-.1621353,.004258065,Empleo,women,LATAM,Total,Empleado
3,-.15315473,.0043538911,Empleo,women,LATAM,Total,Empleado
4,-.15796788,.0045376862,Empleo,women,LATAM,Total,Empleado
5,-.15328586,.0047720806,Empleo,women,LATAM,Total,Empleado
6,-.1627008,.0050607868,Empleo,women,LATAM,Total,Empleado
7,-.15823972,.0053847954,Empleo,women,LATAM,Total,Empleado
8,-.16479966,.005837894,Empleo,women,LATAM,Total,Empleado
9,-.16195223,.0062366598,Empleo,women,LATAM,Total,Empleado
10,-.16986695,.0069688745,Empleo,women,LATAM,Total,Empleado
-5,.017822836,.0018231327,Participación laboral,women,LATAM,Total,Participación laboral femenina
-4,.011788784,.0016576771,Participación laboral,women,LATAM,Total,Participación laboral femenina
-3,.0044449042,.001544303,Participación laboral,women,LATAM,Total,Participación laboral femenina
-2,0,0,Participación laboral,women,LATAM,Total,Participación laboral femenina
-1,-.0071152346,.0014261528,Participación laboral,women,LATAM,Total,Participación laboral femenina
0,-.21341455,.0041363323,Participación laboral,women,LATAM,Total,Participación laboral femenina
1,-.17702839,.0040782401,Participación laboral,women,LATAM,Total,Participación laboral femenina
2,-.15883653,.0040897192,Participación laboral,women,LATAM,Total,Participación laboral femenina
3,-.15388663,.0041820807,Participación laboral,women,LATAM,Total,Participación laboral femenina
4,-.15866703,.0043652765,Participación laboral,women,LATAM,Total,Participación laboral femenina
5,-.156606,.0046023163,Participación laboral,women,LATAM,Total,Participación laboral femenina
6,-.16420802,.0048849294,Participación laboral,women,LATAM,Total,Participación laboral femenina
7,-.16095006,.0052059651,Participación laboral,women,LATAM,Total,Participación laboral femenina
8,-.16571195,.0056484602,Participación laboral,women,LATAM,Total,Participación laboral femenina
9,-.16182134,.006028201,Participación laboral,women,LATAM,Total,Participación laboral femenina
10,-.17017886,.0067659779,Participación laboral,women,LATAM,Total,Participación laboral femenina
